Lot No,Description,Shape,Size,Pcs,Wt (cts),Color,Clarity,Certificate,Video,Cut,POL,SYM,FL,M1,M2,M3,TAB,DEP,Rap ($),Dis,Total,Price,Name,Average weight
1000,,,,0,0.00,,,,,,,,0.00,0.00,0.00,0.00,0.00,0.00,0,0.00,0.00,0.00,,0
1001,,Lab Grown Round ROUN,,0,0.00,,,,,,,,0.00,0.00,0.00,0.00,0.00,0.00,0,0.00,0.00,0.00,,0
1002,,,,0,0.00,,,,,,,,0.00,0.00,0.00,0.00,0.00,0.00,0,0.00,0.00,0.00,,0
1003,,Lab Grown Round 125 ,,0,23.56,,,,,,,,0.00,0.00,0.00,0.00,0.00,0.00,0,0.00,0.00,0.00,,0
1004,,Lab Grown Round 130 ,,0,17.66,,,,,,,,0.00,0.00,0.00,0.00,0.00,0.00,0,0.00,0.00,0.00,,0
1005,,Lab Grown Round 135 ,,0,86.23,,,,,,,,0.00,0.00,0.00,0.00,0.00,0.00,0,0.00,0.00,0.00,,0
1006,,Lab Grown Round 145 ,,0,64.80,,,,,,,,0.00,0.00,0.00,0.00,0.00,0.00,0,0.00,0.00,0.00,,0
1007,,Lab Grown Round 150 ,,0,26.06,,,,,,,,0.00,0.00,0.00,0.00,0.00,0.00,0,0.00,0.00,0.00,,0
1008,,Lab Grown Round 155 ,,0,31.41,,,,,,,,0.00,0.00,0.00,0.00,0.00,0.00,0,0.00,0.00,0.00,,0
1009,,Lab Grown Round 160 ,,0,71.98,,,,,,,,0.00,0.00,0.00,0.00,0.00,0.00,0,0.00,0.00,0.00,,0
1010,,Lab Grown Round 170 ,,0,66.74,,,,,,,,0.00,0.00,0.00,0.00,0.00,0.00,0,0.00,0.00,0.00,,0
1011,,Lab Grown Round 180 ,,0,20.61,,,,,,,,0.00,0.00,0.00,0.00,0.00,0.00,0,0.00,0.00,0.00,,0
1012,,Lab Grown Round 190 ,,0,31.48,,,,,,,,0.00,0.00,0.00,0.00,0.00,0.00,0,0.00,0.00,0.00,,0
1013,,Lab Grown Round 200 ,,0,29.88,,,,,,,,0.00,0.00,0.00,0.00,0.00,0.00,0,0.00,0.00,0.00,,0
1014,,Lab Grown Round 210 ,,0,52.15,,,,,,,,0.00,0.00,0.00,0.00,0.00,0.00,0,0.00,0.00,0.00,,0
1015,,Lab Grown Round 220 ,,0,48.78,,,,,,,,0.00,0.00,0.00,0.00,0.00,0.00,0,0.00,0.00,0.00,,0
1016,,Lab Grown Round 230 ,,0,36.45,,,,,,,,0.00,0.00,0.00,0.00,0.00,0.00,0,0.00,0.00,0.00,,0
1017,,Lab Grown Round 240 ,,0,37.44,,,,,,,,0.00,0.00,0.00,0.00,0.00,0.00,0,0.00,0.00,0.00,,0
1018,,Lab Grown Round 250 ,,0,23.81,,,,,,,,0.00,0.00,0.00,0.00,0.00,0.00,0,0.00,0.00,0.00,,0
1019,,Lab Grown Round 260 ,,0,23.09,,,,,,,,0.00,0.00,0.00,0.00,0.00,0.00,0,0.00,0.00,0.00,,0
1020,,Lab Grown Round 270 ,,0,92.46,,,,,,,,0.00,0.00,0.00,0.00,0.00,0.00,0,0.00,0.00,0.00,,0
1021,,Lab Grown Round 280 ,,0,72.09,,,,,,,,0.00,0.00,0.00,0.00,0.00,0.00,0,0.00,0.00,0.00,,0
1022,,Lab Grown Round 290 ,,0,53.18,,,,,,,,0.00,0.00,0.00,0.00,0.00,0.00,0,0.00,0.00,0.00,,0
1023,,Lab Grown Round 300 ,,0,38.29,,,,,,,,0.00,0.00,0.00,0.00,0.00,0.00,0,0.00,0.00,0.00,,0
1024,,Lab Grown Round 310 ,,0,64.67,,,,,,,,0.00,0.00,0.00,0.00,0.00,0.00,0,0.00,0.00,0.00,,0
1025,,Lab Grown Round 320 ,,313,42.67,,,,,,,,0.00,0.00,0.00,0.00,0.00,0.00,0,0.00,0.00,0.00,,0
1026,,Lab Grown Round 330 ,,174,25.36,,,,,,,,0.00,0.00,0.00,0.00,0.00,0.00,0,0.00,0.00,0.00,,0
1027,,Lab Grown Round 335 ,,142,21.66,,,,,,,,0.00,0.00,0.00,0.00,0.00,0.00,0,0.00,0.00,0.00,,0
1028,,Lab Grown Round 340 ,,23,3.65,,,,,,,,0.00,0.00,0.00,0.00,0.00,0.00,0,0.00,0.00,0.00,,0
1029,,Lab Grown Round 350 ,,309,54.70,,,,,,,,0.00,0.00,0.00,0.00,0.00,0.00,0,0.00,0.00,0.00,,0
1030,,Lab Grown Round 360 ,,135,25.52,,,,,,,,0.00,0.00,0.00,0.00,0.00,0.00,0,0.00,0.00,0.00,,0
1031,,Lab Grown Round 370 ,,52,10.44,,,,,,,,0.00,0.00,0.00,0.00,0.00,0.00,0,0.00,0.00,0.00,,0
1032,,Lab Grown Round 380 ,,63,13.84,,,,,,,,0.00,0.00,0.00,0.00,0.00,0.00,0,0.00,0.00,0.00,,0
1033,,Lab Grown Round 390 ,,99,23.76,,,,,,,,0.00,0.00,0.00,0.00,0.00,0.00,0,0.00,0.00,0.00,,0
1034,,Lab Grown Round 400 ,,32,8.03,,,,,,,,0.00,0.00,0.00,0.00,0.00,0.00,0,0.00,0.00,0.00,,0
1035,,Lab Grown Round 410 ,,9,2.47,,,,,,,,0.00,0.00,0.00,0.00,0.00,0.00,0,0.00,0.00,0.00,,0
1036,,Lab Grown Round 420 ,,1,0.30,,,,,,,,0.00,0.00,0.00,0.00,0.00,0.00,0,0.00,0.00,0.00,,0
1037,,Lab Grown Round 430 ,,19,6.23,,,,,,,,0.00,0.00,0.00,0.00,0.00,0.00,0,0.00,0.00,0.00,,0
1038,,Lab Grown Round 440 ,,61,21.11,,,,,,,,0.00,0.00,0.00,0.00,0.00,0.00,0,0.00,0.00,0.00,,0
1039,,Lab Grown Round 450 ,,24,8.97,,,,,,,,0.00,0.00,0.00,0.00,0.00,0.00,0,0.00,0.00,0.00,,0
1040,,Lab Grown ROUND 4.6 ,,36,14.53,,,,,,,,0.00,0.00,0.00,0.00,0.00,0.00,0,0.00,0.00,0.00,,0
1041,,Lab Grown ROUND 4.7 ,,1,0.39,,,,,,,,0.00,0.00,0.00,0.00,0.00,0.00,0,0.00,0.00,0.00,,0
1042,,Lab Grown ROUND 4.8 ,,50,22.16,,,,,,,,0.00,0.00,0.00,0.00,0.00,0.00,0,0.00,0.00,0.00,,0
1043,,Lab Grown ROUND 4.9 ,,27,12.84,,,,,,,,0.00,0.00,0.00,0.00,0.00,0.00,0,0.00,0.00,0.00,,0
1044,,Lab Grown ROUND 5.0 ,,3,1.52,,,,,,,,0.00,0.00,0.00,0.00,0.00,0.00,0,0.00,0.00,0.00,,0
1045,,Lab Grown ROUND 5.1 ,,0,0.00,,,,,,,,0.00,0.00,0.00,0.00,0.00,0.00,0,0.00,0.00,0.00,,0
1046,,Lab Grown ROUND 5.2 ,,20,11.13,,,,,,,,0.00,0.00,0.00,0.00,0.00,0.00,0,0.00,0.00,0.00,,0
1047,,Lab Grown ROUND 5.3 ,,6,3.51,,,,,,,,0.00,0.00,0.00,0.00,0.00,0.00,0,0.00,0.00,0.00,,0
1048,,Lab Grown ROUND 5.4 ,,9,5.86,,,,,,,,0.00,0.00,0.00,0.00,0.00,0.00,0,0.00,0.00,0.00,,0
1049,,Lab Grown ROUND 5.5 ,,19,13.09,,,,,,,,0.00,0.00,0.00,0.00,0.00,0.00,0,0.00,0.00,0.00,,0
1050,,Lab Grown ROUND 5.6 ,,29,20.67,,,,,,,,0.00,0.00,0.00,0.00,0.00,0.00,0,0.00,0.00,0.00,,0
1051,,Lab Grown ROUND 5.7 ,,24,17.73,,,,,,,,0.00,0.00,0.00,0.00,0.00,0.00,0,0.00,0.00,0.00,,0
1052,,Lab Grown ROUND 5.8 ,,4,3.03,,,,,,,,0.00,0.00,0.00,0.00,0.00,0.00,0,0.00,0.00,0.00,,0
1053,,Lab Grown ROUND 5.9 ,,4,3.17,,,,,,,,0.00,0.00,0.00,0.00,0.00,0.00,0,0.00,0.00,0.00,,0
1099,,,,0,0.00,,,,,,,,0.00,0.00,0.00,0.00,0.00,0.00,0,0.00,0.00,0.00,,0
1100,,,,0,0.00,,,,,,,,0.00,0.00,0.00,0.00,0.00,0.00,0,0.00,0.00,0.00,,0
1101,,Lab Grown Round ROUN,,0,0.00,,,,,,,,0.00,0.00,0.00,0.00,0.00,0.00,0,0.00,0.00,0.00,,0
1102,,Lab Grown Round (000,,0,0.00,,,,,,,,0.00,0.00,0.00,0.00,0.00,0.00,0,0.00,0.00,0.00,,0
1103,,Lab Grown Round 125 ,,0,0.00,,,,,,,,0.00,0.00,0.00,0.00,0.00,0.00,0,0.00,0.00,0.00,,0
1104,,Lab Grown Round 130 ,,0,0.00,,,,,,,,0.00,0.00,0.00,0.00,0.00,0.00,0,0.00,0.00,0.00,,0
1105,,Lab Grown Round 135 ,,0,0.00,,,,,,,,0.00,0.00,0.00,0.00,0.00,0.00,0,0.00,0.00,0.00,,0
1106,,Lab Grown Round 145 ,,0,0.00,,,,,,,,0.00,0.00,0.00,0.00,0.00,0.00,0,0.00,0.00,0.00,,0
1107,,Lab Grown Round 150 ,,0,0.00,,,,,,,,0.00,0.00,0.00,0.00,0.00,0.00,0,0.00,0.00,0.00,,0
1108,,Lab Grown Round 155 ,,0,0.00,,,,,,,,0.00,0.00,0.00,0.00,0.00,0.00,0,0.00,0.00,0.00,,0
1109,,Lab Grown Round 160 ,,0,0.00,,,,,,,,0.00,0.00,0.00,0.00,0.00,0.00,0,0.00,0.00,0.00,,0
1110,,Lab Grown Round 170 ,,0,0.00,,,,,,,,0.00,0.00,0.00,0.00,0.00,0.00,0,0.00,0.00,0.00,,0
1111,,Lab Grown Round 180 ,,0,0.00,,,,,,,,0.00,0.00,0.00,0.00,0.00,0.00,0,0.00,0.00,0.00,,0
1112,,Lab Grown Round 190 ,,0,0.00,,,,,,,,0.00,0.00,0.00,0.00,0.00,0.00,0,0.00,0.00,0.00,,0
1113,,Lab Grown Round 200 ,,0,0.00,,,,,,,,0.00,0.00,0.00,0.00,0.00,0.00,0,0.00,0.00,0.00,,0
1114,,Lab Grown Round 210 ,,0,0.00,,,,,,,,0.00,0.00,0.00,0.00,0.00,0.00,0,0.00,0.00,0.00,,0
1115,,Lab Grown Round 220 ,,0,0.00,,,,,,,,0.00,0.00,0.00,0.00,0.00,0.00,0,0.00,0.00,0.00,,0
1116,,Lab Grown Round 230 ,,0,0.00,,,,,,,,0.00,0.00,0.00,0.00,0.00,0.00,0,0.00,0.00,0.00,,0
1117,,Lab Grown Round 240 ,,0,0.00,,,,,,,,0.00,0.00,0.00,0.00,0.00,0.00,0,0.00,0.00,0.00,,0
1118,,Lab Grown Round 250 ,,0,0.00,,,,,,,,0.00,0.00,0.00,0.00,0.00,0.00,0,0.00,0.00,0.00,,0
1119,,Lab Grown Round 260 ,,39,3.01,,,,,,,,0.00,0.00,0.00,0.00,0.00,0.00,0,0.00,0.00,0.00,,0
1120,,Lab Grown Round 270 ,,307,24.82,,,,,,,,0.00,0.00,0.00,0.00,0.00,0.00,0,0.00,0.00,0.00,,0
1121,,Lab Grown Round 280 ,,231,20.73,,,,,,,,0.00,0.00,0.00,0.00,0.00,0.00,0,0.00,0.00,0.00,,0
1122,,Lab Grown Round 290 ,,159,15.79,,,,,,,,0.00,0.00,0.00,0.00,0.00,0.00,0,0.00,0.00,0.00,,0
1123,,Lab Grown Round 300 ,,228,24.67,,,,,,,,0.00,0.00,0.00,0.00,0.00,0.00,0,0.00,0.00,0.00,,0
1124,,Lab Grown Round 310 ,,254,30.71,,,,,,,,0.00,0.00,0.00,0.00,0.00,0.00,0,0.00,0.00,0.00,,0
1125,,Lab Grown Round 320 ,,196,25.91,,,,,,,,0.00,0.00,0.00,0.00,0.00,0.00,0,0.00,0.00,0.00,,0
1126,,Lab Grown Round 330 ,,123,17.83,,,,,,,,0.00,0.00,0.00,0.00,0.00,0.00,0,0.00,0.00,0.00,,0
1127,,Lab Grown Round 335 ,,0,0.00,,,,,,,,0.00,0.00,0.00,0.00,0.00,0.00,0,0.00,0.00,0.00,,0
1128,,Lab Grown Round 340 ,,70,11.05,,,,,,,,0.00,0.00,0.00,0.00,0.00,0.00,0,0.00,0.00,0.00,,0
1129,,Lab Grown Round 350 ,,112,19.33,,,,,,,,0.00,0.00,0.00,0.00,0.00,0.00,0,0.00,0.00,0.00,,0
1130,,Lab Grown Round 360 ,,83,15.52,,,,,,,,0.00,0.00,0.00,0.00,0.00,0.00,0,0.00,0.00,0.00,,0
1131,,Lab Grown Round 370 ,,75,15.21,,,,,,,,0.00,0.00,0.00,0.00,0.00,0.00,0,0.00,0.00,0.00,,0
1132,,Lab Grown Round 380 ,,46,9.92,,,,,,,,0.00,0.00,0.00,0.00,0.00,0.00,0,0.00,0.00,0.00,,0
1133,,Lab Grown Round 390 ,,44,10.39,,,,,,,,0.00,0.00,0.00,0.00,0.00,0.00,0,0.00,0.00,0.00,,0
1134,,Lab Grown Round 400 ,,35,8.86,,,,,,,,0.00,0.00,0.00,0.00,0.00,0.00,0,0.00,0.00,0.00,,0
1135,,Lab Grown Round 410 ,,28,7.50,,,,,,,,0.00,0.00,0.00,0.00,0.00,0.00,0,0.00,0.00,0.00,,0
1136,,Lab Grown Round 420 ,,15,4.38,,,,,,,,0.00,0.00,0.00,0.00,0.00,0.00,0,0.00,0.00,0.00,,0
1137,,Lab Grown Round 430 ,,10,3.06,,,,,,,,0.00,0.00,0.00,0.00,0.00,0.00,0,0.00,0.00,0.00,,0
1138,,Lab Grown Round 440 ,,9,3.04,,,,,,,,0.00,0.00,0.00,0.00,0.00,0.00,0,0.00,0.00,0.00,,0
1139,,Lab Grown Round 450 ,,1,0.33,,,,,,,,0.00,0.00,0.00,0.00,0.00,0.00,0,0.00,0.00,0.00,,0
1140,,Lab Grown Round 0.35,,12,4.40,,,,,,,,0.00,0.00,0.00,0.00,0.00,0.00,0,0.00,0.00,0.00,,0
1141,,Lab Grown Round 0.40,,1,0.42,,,,,,,,0.00,0.00,0.00,0.00,0.00,0.00,0,0.00,0.00,0.00,,0
1142,,Lab Grown Round 0.45,,0,0.00,,,,,,,,0.00,0.00,0.00,0.00,0.00,0.00,0,0.00,0.00,0.00,,0
1143,,Lab Grown Round 0.50,,3,1.66,,,,,,,,0.00,0.00,0.00,0.00,0.00,0.00,0,0.00,0.00,0.00,,0
1199,,,,0,0.00,,,,,,,,0.00,0.00,0.00,0.00,0.00,0.00,0,0.00,0.00,0.00,,0
2001,,Lab Grown Oval - 7 m,,6,5.60,,,,,,,,0.00,0.00,0.00,0.00,0.00,0.00,0,0.00,0.00,0.00,,0
2002,,Lab Grown Oval - 7 m,,6,4.27,,,,,,,,0.00,0.00,0.00,0.00,0.00,0.00,0,0.00,0.00,0.00,,0
2003,,Lab Grown Oval ,,8,1.09,,,,,,,,0.00,0.00,0.00,0.00,0.00,0.00,0,0.00,0.00,0.00,,0
2004,,Lab Grown Oval 4.6 -,,6,1.35,,,,,,,,0.00,0.00,0.00,0.00,0.00,0.00,0,0.00,0.00,0.00,,0
2005,,Lab Grown Oval 4.7 x,,6,1.34,,,,,,,,0.00,0.00,0.00,0.00,0.00,0.00,0,0.00,0.00,0.00,,0
2006,,Lab Grown Oval 4.8,,6,1.41,,,,,,,,0.00,0.00,0.00,0.00,0.00,0.00,0,0.00,0.00,0.00,,0
2007,,Lab Grown Oval 4.9,,0,0.00,,,,,,,,0.00,0.00,0.00,0.00,0.00,0.00,0,0.00,0.00,0.00,,0
200732,,Lab Grown Oval 4.9 *,,1,0.19,,,,,,,,0.00,0.00,0.00,0.00,0.00,0.00,0,0.00,0.00,0.00,,0
200733,,Lab Grown Oval 4.9 *,,1,0.26,,,,,,,,0.00,0.00,0.00,0.00,0.00,0.00,0,0.00,0.00,0.00,,0
200734,,Lab Grown Oval 4.9 *,,4,0.96,,,,,,,,0.00,0.00,0.00,0.00,0.00,0.00,0,0.00,0.00,0.00,,0
200735,,Lab Grown Oval 4.9 *,,1,0.27,,,,,,,,0.00,0.00,0.00,0.00,0.00,0.00,0,0.00,0.00,0.00,,0
200736,,Lab Grown Oval 4.9 *,,4,1.05,,,,,,,,0.00,0.00,0.00,0.00,0.00,0.00,0,0.00,0.00,0.00,,0
200737,,Lab Grown Oval 4.9 *,,4,1.16,,,,,,,,0.00,0.00,0.00,0.00,0.00,0.00,0,0.00,0.00,0.00,,0
2008,,Lab Grown Oval 5.0,,0,0.00,,,,,,,,0.00,0.00,0.00,0.00,0.00,0.00,0,0.00,0.00,0.00,,0
2008 3.2,,Lab Grown Oval 5.0 x,,1,0.23,,,,,,,,0.00,0.00,0.00,0.00,0.00,0.00,0,0.00,0.00,0.00,,0
2008 3.5,,Lab Grown Oval 5.0 x,,1,0.25,,,,,,,,0.00,0.00,0.00,0.00,0.00,0.00,0,0.00,0.00,0.00,,0
2008 3.6,,Lab Grown Oval 5.0 x,,3,0.88,,,,,,,,0.00,0.00,0.00,0.00,0.00,0.00,0,0.00,0.00,0.00,,0
2008 3.7,,Lab Grown Oval 5.0 x,,4,1.21,,,,,,,,0.00,0.00,0.00,0.00,0.00,0.00,0,0.00,0.00,0.00,,0
2008 3.8 ,,Lab Grown Oval 5.0 x,,6,1.85,,,,,,,,0.00,0.00,0.00,0.00,0.00,0.00,0,0.00,0.00,0.00,,0
2009,,Lab Grown Oval 5.1,,0,0.00,,,,,,,,0.00,0.00,0.00,0.00,0.00,0.00,0,0.00,0.00,0.00,,0
200934,,Lab Grown Oval 5.1 x,,1,0.28,,,,,,,,0.00,0.00,0.00,0.00,0.00,0.00,0,0.00,0.00,0.00,,0
200935,,Lab Grown Oval 5.1 x,,1,0.25,,,,,,,,0.00,0.00,0.00,0.00,0.00,0.00,0,0.00,0.00,0.00,,0
200937,,Lab Grown Oval 5.1 x,,3,0.92,,,,,,,,0.00,0.00,0.00,0.00,0.00,0.00,0,0.00,0.00,0.00,,0
200938,,Lab Grown Oval 5.1 x,,5,1.45,,,,,,,,0.00,0.00,0.00,0.00,0.00,0.00,0,0.00,0.00,0.00,,0
200939,,Lab Grown Oval 5.1 x,,2,0.71,,,,,,,,0.00,0.00,0.00,0.00,0.00,0.00,0,0.00,0.00,0.00,,0
2010,,Lab Grown Oval 5.2,,0,0.00,,,,,,,,0.00,0.00,0.00,0.00,0.00,0.00,0,0.00,0.00,0.00,,0
201033,,Lab Grown Oval 5.2 x,,1,0.23,,,,,,,,0.00,0.00,0.00,0.00,0.00,0.00,0,0.00,0.00,0.00,,0
201034,,Lab Grown Oval 5.2 x,,1,0.27,,,,,,,,0.00,0.00,0.00,0.00,0.00,0.00,0,0.00,0.00,0.00,,0
201035,,Lab Grown Oval 5.2 x,,3,0.87,,,,,,,,0.00,0.00,0.00,0.00,0.00,0.00,0,0.00,0.00,0.00,,0
201037,,Lab Grown Oval 5.2 x,,3,0.86,,,,,,,,0.00,0.00,0.00,0.00,0.00,0.00,0,0.00,0.00,0.00,,0
201038,,Lab Grown Oval 5.2 x,,1,0.33,,,,,,,,0.00,0.00,0.00,0.00,0.00,0.00,0,0.00,0.00,0.00,,0
201039,,Lab Grown Oval 5.2 x,,5,1.66,,,,,,,,0.00,0.00,0.00,0.00,0.00,0.00,0,0.00,0.00,0.00,,0
201040,,Lab Grown Oval 5.2 x,,2,0.70,,,,,,,,0.00,0.00,0.00,0.00,0.00,0.00,0,0.00,0.00,0.00,,0
2011,,Lab Grown Oval 5.3,,0,0.00,,,,,,,,0.00,0.00,0.00,0.00,0.00,0.00,0,0.00,0.00,0.00,,0
201135,,Lab Grown Oval 5.3 x,,2,0.57,,,,,,,,0.00,0.00,0.00,0.00,0.00,0.00,0,0.00,0.00,0.00,,0
201136,,Lab Grown Oval 5.3 x,,3,0.89,,,,,,,,0.00,0.00,0.00,0.00,0.00,0.00,0,0.00,0.00,0.00,,0
201137,,Lab Grown Oval 5.3 x,,3,0.87,,,,,,,,0.00,0.00,0.00,0.00,0.00,0.00,0,0.00,0.00,0.00,,0
201138,,Lab Grown Oval 5.3 x,,6,1.95,,,,,,,,0.00,0.00,0.00,0.00,0.00,0.00,0,0.00,0.00,0.00,,0
201139,,Lab Grown Oval 5.3 x,,6,2.05,,,,,,,,0.00,0.00,0.00,0.00,0.00,0.00,0,0.00,0.00,0.00,,0
201140,,Lab Grown Oval 5.3 x,,2,0.75,,,,,,,,0.00,0.00,0.00,0.00,0.00,0.00,0,0.00,0.00,0.00,,0
201143,,Lab Grown Oval 5.3 x,,1,0.45,,,,,,,,0.00,0.00,0.00,0.00,0.00,0.00,0,0.00,0.00,0.00,,0
2012,,Lab Grown Oval 5.4,,0,0.00,,,,,,,,0.00,0.00,0.00,0.00,0.00,0.00,0,0.00,0.00,0.00,,0
201235,,Lab Grown Oval 5.4 x,,1,0.31,,,,,,,,0.00,0.00,0.00,0.00,0.00,0.00,0,0.00,0.00,0.00,,0
201236,,Lab Grown Oval 5.4 x,,3,0.98,,,,,,,,0.00,0.00,0.00,0.00,0.00,0.00,0,0.00,0.00,0.00,,0
201237,,Lab Grown Oval 5.4 x,,1,0.29,,,,,,,,0.00,0.00,0.00,0.00,0.00,0.00,0,0.00,0.00,0.00,,0
201238,,Lab Grown Oval 5.4 x,,4,1.37,,,,,,,,0.00,0.00,0.00,0.00,0.00,0.00,0,0.00,0.00,0.00,,0
201239,,Lab Grown Oval 5.4 x,,1,0.36,,,,,,,,0.00,0.00,0.00,0.00,0.00,0.00,0,0.00,0.00,0.00,,0
201240,,Lab Grown Oval 5.4 x,,6,2.27,,,,,,,,0.00,0.00,0.00,0.00,0.00,0.00,0,0.00,0.00,0.00,,0
201241,,Lab Grown Oval 5.4 x,,1,0.42,,,,,,,,0.00,0.00,0.00,0.00,0.00,0.00,0,0.00,0.00,0.00,,0
201242,,Lab Grown Oval 5.4 x,,1,0.40,,,,,,,,0.00,0.00,0.00,0.00,0.00,0.00,0,0.00,0.00,0.00,,0
201243,,Lab Grown Oval 5.4 x,,1,0.36,,,,,,,,0.00,0.00,0.00,0.00,0.00,0.00,0,0.00,0.00,0.00,,0
2013,,Lab Grown Oval 5.5,,0,0.00,,,,,,,,0.00,0.00,0.00,0.00,0.00,0.00,0,0.00,0.00,0.00,,0
201337,,Lab Grown Oval 5.5 x,,6,2.00,,,,,,,,0.00,0.00,0.00,0.00,0.00,0.00,0,0.00,0.00,0.00,,0
201338,,Lab Grown Oval 5.5 x,,5,1.69,,,,,,,,0.00,0.00,0.00,0.00,0.00,0.00,0,0.00,0.00,0.00,,0
201339,,Lab Grown Oval 5.5 x,,7,2.54,,,,,,,,0.00,0.00,0.00,0.00,0.00,0.00,0,0.00,0.00,0.00,,0
201340,,Lab Grown Oval 5.5 x,,3,1.22,,,,,,,,0.00,0.00,0.00,0.00,0.00,0.00,0,0.00,0.00,0.00,,0
201341,,Lab Grown Oval 5.5 x,,9,3.51,,,,,,,,0.00,0.00,0.00,0.00,0.00,0.00,0,0.00,0.00,0.00,,0
201342,,Lab Grown Oval 5.5 x,,2,0.86,,,,,,,,0.00,0.00,0.00,0.00,0.00,0.00,0,0.00,0.00,0.00,,0
201343,,Lab Grown Oval 5.5 x,,1,0.45,,,,,,,,0.00,0.00,0.00,0.00,0.00,0.00,0,0.00,0.00,0.00,,0
2014,,Lab Grown Oval 5.6,,0,0.00,,,,,,,,0.00,0.00,0.00,0.00,0.00,0.00,0,0.00,0.00,0.00,,0
201436,,Lab Grown Oval 5.6 x,,2,0.62,,,,,,,,0.00,0.00,0.00,0.00,0.00,0.00,0,0.00,0.00,0.00,,0
201437,,Lab Grown Oval 5.6 x,,1,0.34,,,,,,,,0.00,0.00,0.00,0.00,0.00,0.00,0,0.00,0.00,0.00,,0
201438,,Lab Grown Oval 5.6 x,,2,0.68,,,,,,,,0.00,0.00,0.00,0.00,0.00,0.00,0,0.00,0.00,0.00,,0
201439,,Lab Grown Oval 5.6 x,,7,2.48,,,,,,,,0.00,0.00,0.00,0.00,0.00,0.00,0,0.00,0.00,0.00,,0
201440,,Lab Grown Oval 5.6 x,,4,1.48,,,,,,,,0.00,0.00,0.00,0.00,0.00,0.00,0,0.00,0.00,0.00,,0
201441,,Lab Grown Oval 5.6 x,,4,1.63,,,,,,,,0.00,0.00,0.00,0.00,0.00,0.00,0,0.00,0.00,0.00,,0
201442,,Lab Grown Oval 5.6 x,,3,1.27,,,,,,,,0.00,0.00,0.00,0.00,0.00,0.00,0,0.00,0.00,0.00,,0
201443,,Lab Grown Oval 5.6 x,,4,1.76,,,,,,,,0.00,0.00,0.00,0.00,0.00,0.00,0,0.00,0.00,0.00,,0
201444,,Lab Grown Oval 5.6 x,,1,0.46,,,,,,,,0.00,0.00,0.00,0.00,0.00,0.00,0,0.00,0.00,0.00,,0
2015,,Lab Grown Oval 5.7,,0,0.00,,,,,,,,0.00,0.00,0.00,0.00,0.00,0.00,0,0.00,0.00,0.00,,0
201537,,Lab Grown Oval 5.7 x,,1,0.35,,,,,,,,0.00,0.00,0.00,0.00,0.00,0.00,0,0.00,0.00,0.00,,0
201538,,Lab Grown Oval 5.7 x,,1,0.31,,,,,,,,0.00,0.00,0.00,0.00,0.00,0.00,0,0.00,0.00,0.00,,0
201539,,Lab Grown Oval 5.7 x,,3,1.11,,,,,,,,0.00,0.00,0.00,0.00,0.00,0.00,0,0.00,0.00,0.00,,0
201540,,Lab Grown Oval 5.7 x,,4,1.54,,,,,,,,0.00,0.00,0.00,0.00,0.00,0.00,0,0.00,0.00,0.00,,0
201541,,Lab Grown Oval 5.7 x,,8,3.34,,,,,,,,0.00,0.00,0.00,0.00,0.00,0.00,0,0.00,0.00,0.00,,0
201542,,Lab Grown Oval 5.7 x,,2,0.82,,,,,,,,0.00,0.00,0.00,0.00,0.00,0.00,0,0.00,0.00,0.00,,0
201543,,Lab Grown Oval 5.7 x,,1,0.43,,,,,,,,0.00,0.00,0.00,0.00,0.00,0.00,0,0.00,0.00,0.00,,0
201544,,Lab Grown Oval 5.7 x,,1,0.42,,,,,,,,0.00,0.00,0.00,0.00,0.00,0.00,0,0.00,0.00,0.00,,0
201545,,Lab Grown Oval 5.7 x,,1,0.50,,,,,,,,0.00,0.00,0.00,0.00,0.00,0.00,0,0.00,0.00,0.00,,0
2016,,Lab Grown Oval 5.8,,0,0.00,,,,,,,,0.00,0.00,0.00,0.00,0.00,0.00,0,0.00,0.00,0.00,,0
201639,,Lab Grown Oval 5.8 x,,2,0.79,,,,,,,,0.00,0.00,0.00,0.00,0.00,0.00,0,0.00,0.00,0.00,,0
201640,,Lab Grown Oval 5.8 x,,1,0.33,,,,,,,,0.00,0.00,0.00,0.00,0.00,0.00,0,0.00,0.00,0.00,,0
201641,,Lab Grown Oval 5.8 x,,2,0.76,,,,,,,,0.00,0.00,0.00,0.00,0.00,0.00,0,0.00,0.00,0.00,,0
201642,,Lab Grown Oval 5.8 x,,1,0.45,,,,,,,,0.00,0.00,0.00,0.00,0.00,0.00,0,0.00,0.00,0.00,,0
201643,,Lab Grown Oval 5.8 x,,2,0.88,,,,,,,,0.00,0.00,0.00,0.00,0.00,0.00,0,0.00,0.00,0.00,,0
201644,,Lab Grown Oval 5.8 x,,1,0.47,,,,,,,,0.00,0.00,0.00,0.00,0.00,0.00,0,0.00,0.00,0.00,,0
201645,,Lab Grown Oval 5.8 x,,1,0.46,,,,,,,,0.00,0.00,0.00,0.00,0.00,0.00,0,0.00,0.00,0.00,,0
2017,,Lab Grown Oval 5.9,,0,0.00,,,,,,,,0.00,0.00,0.00,0.00,0.00,0.00,0,0.00,0.00,0.00,,0
201737,,Lab Grown Oval 5.9 x,,1,0.38,,,,,,,,0.00,0.00,0.00,0.00,0.00,0.00,0,0.00,0.00,0.00,,0
201740,,Lab Grown Oval 5.9 x,,1,0.40,,,,,,,,0.00,0.00,0.00,0.00,0.00,0.00,0,0.00,0.00,0.00,,0
201742,,Lab Grown Oval 5.9 x,,1,0.46,,,,,,,,0.00,0.00,0.00,0.00,0.00,0.00,0,0.00,0.00,0.00,,0
201743,,Lab Grown Oval 5.9 x,,3,1.34,,,,,,,,0.00,0.00,0.00,0.00,0.00,0.00,0,0.00,0.00,0.00,,0
201744,,Lab Grown Oval 5.9 x,,1,0.47,,,,,,,,0.00,0.00,0.00,0.00,0.00,0.00,0,0.00,0.00,0.00,,0
201745,,Lab Grown Oval 5.9 x,,1,0.51,,,,,,,,0.00,0.00,0.00,0.00,0.00,0.00,0,0.00,0.00,0.00,,0
2018,,Lab Grown Oval 6.0,,0,0.00,,,,,,,,0.00,0.00,0.00,0.00,0.00,0.00,0,0.00,0.00,0.00,,0
201839,,Lab Grown Oval 6.0 x,,1,0.35,,,,,,,,0.00,0.00,0.00,0.00,0.00,0.00,0,0.00,0.00,0.00,,0
201840,,Lab Grown Oval 6.0 x,,1,0.41,,,,,,,,0.00,0.00,0.00,0.00,0.00,0.00,0,0.00,0.00,0.00,,0
201841,,Lab Grown Oval 6.0 x,,4,1.71,,,,,,,,0.00,0.00,0.00,0.00,0.00,0.00,0,0.00,0.00,0.00,,0
201842,,Lab Grown Oval 6.0 x,,8,3.50,,,,,,,,0.00,0.00,0.00,0.00,0.00,0.00,0,0.00,0.00,0.00,,0
201843,,Lab Grown Oval 6.0 x,,4,1.94,,,,,,,,0.00,0.00,0.00,0.00,0.00,0.00,0,0.00,0.00,0.00,,0
201844,,Lab Grown Oval 6.0 x,,2,0.97,,,,,,,,0.00,0.00,0.00,0.00,0.00,0.00,0,0.00,0.00,0.00,,0
201845,,Lab Grown Oval 6.0 x,,3,1.50,,,,,,,,0.00,0.00,0.00,0.00,0.00,0.00,0,0.00,0.00,0.00,,0
2019,,Lab Grown Oval 6.1,,0,0.00,,,,,,,,0.00,0.00,0.00,0.00,0.00,0.00,0,0.00,0.00,0.00,,0
201942,,Lab Grown Oval 6.1 x,,5,2.21,,,,,,,,0.00,0.00,0.00,0.00,0.00,0.00,0,0.00,0.00,0.00,,0
201943,,Lab Grown Oval 6.1 x,,8,3.59,,,,,,,,0.00,0.00,0.00,0.00,0.00,0.00,0,0.00,0.00,0.00,,0
201944,,Lab Grown Oval 6.1 x,,7,3.69,,,,,,,,0.00,0.00,0.00,0.00,0.00,0.00,0,0.00,0.00,0.00,,0
201945,,Lab Grown Oval 6.1 x,,4,2.11,,,,,,,,0.00,0.00,0.00,0.00,0.00,0.00,0,0.00,0.00,0.00,,0
2020,,Lab Grown Oval 6.2,,0,0.00,,,,,,,,0.00,0.00,0.00,0.00,0.00,0.00,0,0.00,0.00,0.00,,0
202042,,Lab Grown Oval 6.2 x,,3,1.47,,,,,,,,0.00,0.00,0.00,0.00,0.00,0.00,0,0.00,0.00,0.00,,0
202043,,Lab Grown Oval 6.2 x,,1,0.48,,,,,,,,0.00,0.00,0.00,0.00,0.00,0.00,0,0.00,0.00,0.00,,0
202044,,Lab Grown Oval 6.2 x,,2,1.02,,,,,,,,0.00,0.00,0.00,0.00,0.00,0.00,0,0.00,0.00,0.00,,0
202045,,Lab Grown Oval 6.2 x,,5,2.61,,,,,,,,0.00,0.00,0.00,0.00,0.00,0.00,0,0.00,0.00,0.00,,0
202046,,Lab Grown Oval 6.2 x,,1,0.60,,,,,,,,0.00,0.00,0.00,0.00,0.00,0.00,0,0.00,0.00,0.00,,0
202047,,Lab Grown Oval 6.2 x,,1,0.53,,,,,,,,0.00,0.00,0.00,0.00,0.00,0.00,0,0.00,0.00,0.00,,0
2021,,Lab Grown Oval 6.3,,0,0.00,,,,,,,,0.00,0.00,0.00,0.00,0.00,0.00,0,0.00,0.00,0.00,,0
202142,,Lab Grown Oval 6.3 x,,2,0.89,,,,,,,,0.00,0.00,0.00,0.00,0.00,0.00,0,0.00,0.00,0.00,,0
202143,,Lab Grown Oval 6.3 x,,1,0.48,,,,,,,,0.00,0.00,0.00,0.00,0.00,0.00,0,0.00,0.00,0.00,,0
202144,,Lab Grown Oval 6.3 x,,4,2.03,,,,,,,,0.00,0.00,0.00,0.00,0.00,0.00,0,0.00,0.00,0.00,,0
202145,,Lab Grown Oval 6.3 x,,2,1.11,,,,,,,,0.00,0.00,0.00,0.00,0.00,0.00,0,0.00,0.00,0.00,,0
2022,,Lab Grown Oval 6.4,,0,0.00,,,,,,,,0.00,0.00,0.00,0.00,0.00,0.00,0,0.00,0.00,0.00,,0
202242,,Lab Grown Oval 6.4,,3,1.46,,,,,,,,0.00,0.00,0.00,0.00,0.00,0.00,0,0.00,0.00,0.00,,0
202243,,Lab Grown Oval 6.4,,1,0.49,,,,,,,,0.00,0.00,0.00,0.00,0.00,0.00,0,0.00,0.00,0.00,,0
202244,,Lab Grown Oval 6.4,,4,2.01,,,,,,,,0.00,0.00,0.00,0.00,0.00,0.00,0,0.00,0.00,0.00,,0
202246,,Lab Grown Oval 6.4,,5,2.81,,,,,,,,0.00,0.00,0.00,0.00,0.00,0.00,0,0.00,0.00,0.00,,0
202247,,Lab Grown Oval 6.4,,1,0.54,,,,,,,,0.00,0.00,0.00,0.00,0.00,0.00,0,0.00,0.00,0.00,,0
2023,,Lab Grown Oval 6.5,,0,0.00,,,,,,,,0.00,0.00,0.00,0.00,0.00,0.00,0,0.00,0.00,0.00,,0
202346,,Lab Grown Oval 6.5 x,,3,1.68,,,,,,,,0.00,0.00,0.00,0.00,0.00,0.00,0,0.00,0.00,0.00,,0
202347,,Lab Grown Oval 6.5 x,,1,0.62,,,,,,,,0.00,0.00,0.00,0.00,0.00,0.00,0,0.00,0.00,0.00,,0
202348,,Lab Grown Oval 6.5 x,,2,1.24,,,,,,,,0.00,0.00,0.00,0.00,0.00,0.00,0,0.00,0.00,0.00,,0
202349,,Lab Grown Oval 6.5 x,,1,0.72,,,,,,,,0.00,0.00,0.00,0.00,0.00,0.00,0,0.00,0.00,0.00,,0
2024,,Lab Grown Oval 6.6,,0,0.00,,,,,,,,0.00,0.00,0.00,0.00,0.00,0.00,0,0.00,0.00,0.00,,0
202445,,Lab Grown Oval 6.6 x,,2,1.07,,,,,,,,0.00,0.00,0.00,0.00,0.00,0.00,0,0.00,0.00,0.00,,0
202446,,Lab Grown Oval 6.6 x,,1,0.61,,,,,,,,0.00,0.00,0.00,0.00,0.00,0.00,0,0.00,0.00,0.00,,0
202447,,Lab Grown Oval 6.6 x,,5,2.93,,,,,,,,0.00,0.00,0.00,0.00,0.00,0.00,0,0.00,0.00,0.00,,0
202448,,Lab Grown Oval 6.6 x,,1,0.65,,,,,,,,0.00,0.00,0.00,0.00,0.00,0.00,0,0.00,0.00,0.00,,0
202449,,Lab Grown Oval 6.6 x,,1,0.60,,,,,,,,0.00,0.00,0.00,0.00,0.00,0.00,0,0.00,0.00,0.00,,0
202451,,Lab Grown Oval 6.6 x,,1,0.71,,,,,,,,0.00,0.00,0.00,0.00,0.00,0.00,0,0.00,0.00,0.00,,0
2025,,Lab Grown Oval 6.7,,0,0.00,,,,,,,,0.00,0.00,0.00,0.00,0.00,0.00,0,0.00,0.00,0.00,,0
202545,,Lab Grown Oval 6.7 x,,1,0.58,,,,,,,,0.00,0.00,0.00,0.00,0.00,0.00,0,0.00,0.00,0.00,,0
202546,,Lab Grown Oval 6.7 x,,2,1.05,,,,,,,,0.00,0.00,0.00,0.00,0.00,0.00,0,0.00,0.00,0.00,,0
202547,,Lab Grown Oval 6.7 x,,1,0.64,,,,,,,,0.00,0.00,0.00,0.00,0.00,0.00,0,0.00,0.00,0.00,,0
202550,,Lab Grown Oval 6.7 x,,1,0.62,,,,,,,,0.00,0.00,0.00,0.00,0.00,0.00,0,0.00,0.00,0.00,,0
202552,,Lab Grown Oval 6.7 x,,1,0.72,,,,,,,,0.00,0.00,0.00,0.00,0.00,0.00,0,0.00,0.00,0.00,,0
2026,,Lab Grown Oval 6.8,,0,0.00,,,,,,,,0.00,0.00,0.00,0.00,0.00,0.00,0,0.00,0.00,0.00,,0
202643,,Lab Grown Oval 6.8 x,,1,0.57,,,,,,,,0.00,0.00,0.00,0.00,0.00,0.00,0,0.00,0.00,0.00,,0
202645,,Lab Grown Oval 6.8 x,,1,0.55,,,,,,,,0.00,0.00,0.00,0.00,0.00,0.00,0,0.00,0.00,0.00,,0
202646,,Lab Grown Oval 6.8 x,,1,0.59,,,,,,,,0.00,0.00,0.00,0.00,0.00,0.00,0,0.00,0.00,0.00,,0
202647,,Lab Grown Oval 6.8 x,,1,0.56,,,,,,,,0.00,0.00,0.00,0.00,0.00,0.00,0,0.00,0.00,0.00,,0
202648,,Lab Grown Oval 6.8 x,,1,0.61,,,,,,,,0.00,0.00,0.00,0.00,0.00,0.00,0,0.00,0.00,0.00,,0
202649,,Lab Grown Oval 6.8 x,,1,0.69,,,,,,,,0.00,0.00,0.00,0.00,0.00,0.00,0,0.00,0.00,0.00,,0
202650,,Lab Grown Oval 6.8 x,,1,0.67,,,,,,,,0.00,0.00,0.00,0.00,0.00,0.00,0,0.00,0.00,0.00,,0
202651,,Lab Grown Oval 6.8 x,,2,1.49,,,,,,,,0.00,0.00,0.00,0.00,0.00,0.00,0,0.00,0.00,0.00,,0
202652,,Lab Grown Oval 6.8 x,,1,0.70,,,,,,,,0.00,0.00,0.00,0.00,0.00,0.00,0,0.00,0.00,0.00,,0
2028,,Lab Grown Oval 6.9,,0,0.00,,,,,,,,0.00,0.00,0.00,0.00,0.00,0.00,0,0.00,0.00,0.00,,0
202848,,Lab Grown Oval 6.9 x,,1,0.61,,,,,,,,0.00,0.00,0.00,0.00,0.00,0.00,0,0.00,0.00,0.00,,0
202849,,Lab Grown Oval 6.9 x,,2,1.34,,,,,,,,0.00,0.00,0.00,0.00,0.00,0.00,0,0.00,0.00,0.00,,0
202850,,Lab Grown Oval 6.9 x,,1,0.57,,,,,,,,0.00,0.00,0.00,0.00,0.00,0.00,0,0.00,0.00,0.00,,0
2099,,,,0,0.00,,,,,,,,0.00,0.00,0.00,0.00,0.00,0.00,0,0.00,0.00,0.00,,0
2101,,Lab Grown Emerald 6 ,,21,15.63,,,,,,,,0.00,0.00,0.00,0.00,0.00,0.00,0,0.00,0.00,0.00,,0
2102,,Lab Grown Emerald + ,,18,8.41,,,,,,,,0.00,0.00,0.00,0.00,0.00,0.00,0,0.00,0.00,0.00,,0
2103,,Lab Grown Emerald - ,,12,1.63,,,,,,,,0.00,0.00,0.00,0.00,0.00,0.00,0,0.00,0.00,0.00,,0
2104,,Lab Grown Emerald - ,,7,1.60,,,,,,,,0.00,0.00,0.00,0.00,0.00,0.00,0,0.00,0.00,0.00,,0
2105,,Lab Grown Emerald - ,,3,0.60,,,,,,,,0.00,0.00,0.00,0.00,0.00,0.00,0,0.00,0.00,0.00,,0
2106,,Lab Grown Emerald - ,,5,1.29,,,,,,,,0.00,0.00,0.00,0.00,0.00,0.00,0,0.00,0.00,0.00,,0
2107,,Lab Grown Emerald - ,,13,3.74,,,,,,,,0.00,0.00,0.00,0.00,0.00,0.00,0,0.00,0.00,0.00,,0
2108,,Lab Grown Emerald - ,,13,4.10,,,,,,,,0.00,0.00,0.00,0.00,0.00,0.00,0,0.00,0.00,0.00,,0
2109,,Lab Grown Emerald - ,,18,6.54,,,,,,,,0.00,0.00,0.00,0.00,0.00,0.00,0,0.00,0.00,0.00,,0
2110,,Lab Grown Emerald 4.,,8,2.97,,,,,,,,0.00,0.00,0.00,0.00,0.00,0.00,0,0.00,0.00,0.00,,0
2111,,Lab Grown Emerald 4.,,13,5.04,,,,,,,,0.00,0.00,0.00,0.00,0.00,0.00,0,0.00,0.00,0.00,,0
2112,,Lab Grown Emerald 4.,,2,0.79,,,,,,,,0.00,0.00,0.00,0.00,0.00,0.00,0,0.00,0.00,0.00,,0
2113,,Lab Grown Emerald 5.,,2,0.77,,,,,,,,0.00,0.00,0.00,0.00,0.00,0.00,0,0.00,0.00,0.00,,0
2114,,Lab Grown Emerald 0.,,2,1.56,,,,,,,,0.00,0.00,0.00,0.00,0.00,0.00,0,0.00,0.00,0.00,,0
2199,,,,0,0.00,,,,,,,,0.00,0.00,0.00,0.00,0.00,0.00,0,0.00,0.00,0.00,,0
2201,,Lab Grown RADIANT,,1,1.05,,,,,,,,0.00,0.00,0.00,0.00,0.00,0.00,0,0.00,0.00,0.00,,0
2202,,Lab Grown RADIANT,,1,0.90,,,,,,,,0.00,0.00,0.00,0.00,0.00,0.00,0,0.00,0.00,0.00,,0
2203,,Lab Grown RADIANT,,29,14.98,,,,,,,,0.00,0.00,0.00,0.00,0.00,0.00,0,0.00,0.00,0.00,,0
2204,,Lab Grown Asher Cut,,2,0.69,,,,,,,,0.00,0.00,0.00,0.00,0.00,0.00,0,0.00,0.00,0.00,,0
2205,,Lab Grown Asher Cut,,1,1.00,,,,,,,,0.00,0.00,0.00,0.00,0.00,0.00,0,0.00,0.00,0.00,,0
2211,,Lab Grown Rose Cut,,19,3.24,,,,,,,,0.00,0.00,0.00,0.00,0.00,0.00,0,0.00,0.00,0.00,,0
2212,,Lab Grown Rose Cut,,21,19.41,,,,,,,,0.00,0.00,0.00,0.00,0.00,0.00,0,0.00,0.00,0.00,,0
2301,,Lab Grown Buggets Mi,,0,9.41,,,,,,,,0.00,0.00,0.00,0.00,0.00,0.00,0,0.00,0.00,0.00,,0
2302,,Lab Grown Tapper,,0,0.53,,,,,,,,0.00,0.00,0.00,0.00,0.00,0.00,0,0.00,0.00,0.00,,0
2303,,Lab Grown Buggets 2 ,,0,5.38,,,,,,,,0.00,0.00,0.00,0.00,0.00,0.00,0,0.00,0.00,0.00,,0
2304,,Lab Grown Buggets 3 ,,0,14.68,,,,,,,,0.00,0.00,0.00,0.00,0.00,0.00,0,0.00,0.00,0.00,,0
2305,,Lab Grown Buggets 4 ,,0,0.94,,,,,,,,0.00,0.00,0.00,0.00,0.00,0.00,0,0.00,0.00,0.00,,0
2401,,Lab Grown Cushion,,2,1.02,,,,,,,,0.00,0.00,0.00,0.00,0.00,0.00,0,0.00,0.00,0.00,,0
2402,,Lab Grown Cushion,,15,5.58,,,,,,,,0.00,0.00,0.00,0.00,0.00,0.00,0,0.00,0.00,0.00,,0
2403,,Lab Grown Cushion,,24,8.42,,,,,,,,0.00,0.00,0.00,0.00,0.00,0.00,0,0.00,0.00,0.00,,0
2500,,Lab Grown Princess,,32,1.34,,,,,,,,0.00,0.00,0.00,0.00,0.00,0.00,0,0.00,0.00,0.00,,0
250025,,Lab Grown Princess 2,,1,0.11,,,,,,,,0.00,0.00,0.00,0.00,0.00,0.00,0,0.00,0.00,0.00,,0
250026,,Lab Grown Princess 2,,2,0.29,,,,,,,,0.00,0.00,0.00,0.00,0.00,0.00,0,0.00,0.00,0.00,,0
250027,,Lab Grown Princess 2,,3,0.42,,,,,,,,0.00,0.00,0.00,0.00,0.00,0.00,0,0.00,0.00,0.00,,0
250028,,Lab Grown Princess 2,,8,1.19,,,,,,,,0.00,0.00,0.00,0.00,0.00,0.00,0,0.00,0.00,0.00,,0
250029,,Lab Grown Princess 2,,1,0.15,,,,,,,,0.00,0.00,0.00,0.00,0.00,0.00,0,0.00,0.00,0.00,,0
250030,,Lab Grown Princess 3,,1,0.21,,,,,,,,0.00,0.00,0.00,0.00,0.00,0.00,0,0.00,0.00,0.00,,0
250031,,Lab Grown Princess 3,,0,0.00,,,,,,,,0.00,0.00,0.00,0.00,0.00,0.00,0,0.00,0.00,0.00,,0
250032,,Lab Grown Princess 3,,10,2.05,,,,,,,,0.00,0.00,0.00,0.00,0.00,0.00,0,0.00,0.00,0.00,,0
250033,,Lab Grown Princess 3,,8,1.90,,,,,,,,0.00,0.00,0.00,0.00,0.00,0.00,0,0.00,0.00,0.00,,0
250034,,Lab Grown Princess 3,,9,2.15,,,,,,,,0.00,0.00,0.00,0.00,0.00,0.00,0,0.00,0.00,0.00,,0
250036,,Lab Grown Princess 3,,6,1.82,,,,,,,,0.00,0.00,0.00,0.00,0.00,0.00,0,0.00,0.00,0.00,,0
250037,,Lab Grown Princess 3,,2,0.60,,,,,,,,0.00,0.00,0.00,0.00,0.00,0.00,0,0.00,0.00,0.00,,0
250038,,Lab Grown Princess 3,,9,3.18,,,,,,,,0.00,0.00,0.00,0.00,0.00,0.00,0,0.00,0.00,0.00,,0
250039,,Lab Grown Princess 3,,10,3.83,,,,,,,,0.00,0.00,0.00,0.00,0.00,0.00,0,0.00,0.00,0.00,,0
250040,,Lab Grown Princess 4,,7,2.86,,,,,,,,0.00,0.00,0.00,0.00,0.00,0.00,0,0.00,0.00,0.00,,0
250041,,Lab Grown Princess 4,,6,2.50,,,,,,,,0.00,0.00,0.00,0.00,0.00,0.00,0,0.00,0.00,0.00,,0
250042,,Lab Grown Princess 4,,6,2.88,,,,,,,,0.00,0.00,0.00,0.00,0.00,0.00,0,0.00,0.00,0.00,,0
250043,,Lab Grown Princess 4,,2,0.98,,,,,,,,0.00,0.00,0.00,0.00,0.00,0.00,0,0.00,0.00,0.00,,0
250044,,Lab Grown Princess 4,,1,0.55,,,,,,,,0.00,0.00,0.00,0.00,0.00,0.00,0,0.00,0.00,0.00,,0
250045,,Lab Grown Princess 4,,2,1.11,,,,,,,,0.00,0.00,0.00,0.00,0.00,0.00,0,0.00,0.00,0.00,,0
250046,,Lab Grown Princess 4,,1,0.52,,,,,,,,0.00,0.00,0.00,0.00,0.00,0.00,0,0.00,0.00,0.00,,0
250047,,Lab Grown Princess 4,,1,0.59,,,,,,,,0.00,0.00,0.00,0.00,0.00,0.00,0,0.00,0.00,0.00,,0
2601,,Lab Grown Marquese,,1,0.56,,,,,,,,0.00,0.00,0.00,0.00,0.00,0.00,0,0.00,0.00,0.00,,0
2602,,Lab Grown Marquese,,3,1.32,,,,,,,,0.00,0.00,0.00,0.00,0.00,0.00,0,0.00,0.00,0.00,,0
2603,,Lab Grown Marquese,,5,1.55,,,,,,,,0.00,0.00,0.00,0.00,0.00,0.00,0,0.00,0.00,0.00,,0
2604,,Lab Grown Marquese,,34,6.81,,,,,,,,0.00,0.00,0.00,0.00,0.00,0.00,0,0.00,0.00,0.00,,0
2605,,Lab Grown Marquese,,0,0.00,,,,,,,,0.00,0.00,0.00,0.00,0.00,0.00,0,0.00,0.00,0.00,,0
2606,,Lab Grown Marquese,,1,1.68,,,,,,,,0.00,0.00,0.00,0.00,0.00,0.00,0,0.00,0.00,0.00,,0
2701,,Lab Grown Pear Small,,0,1.42,,,,,,,,0.00,0.00,0.00,0.00,0.00,0.00,0,0.00,0.00,0.00,,0
2702,,Lab Grown Pear,,6,6.36,,,,,,,,0.00,0.00,0.00,0.00,0.00,0.00,0,0.00,0.00,0.00,,0
2703,,Lab Grown Pear,,1,0.86,,,,,,,,0.00,0.00,0.00,0.00,0.00,0.00,0,0.00,0.00,0.00,,0
2704,,Lab Grown Pear -4.0 ,,1,0.13,,,,,,,,0.00,0.00,0.00,0.00,0.00,0.00,0,0.00,0.00,0.00,,0
2705,,Lab Grown Pear 4.10,,2,0.28,,,,,,,,0.00,0.00,0.00,0.00,0.00,0.00,0,0.00,0.00,0.00,,0
2706,,Lab Grown Pear 4.20,,6,0.99,,,,,,,,0.00,0.00,0.00,0.00,0.00,0.00,0,0.00,0.00,0.00,,0
2707,,Lab Grown Pear 4.30,,0,0.00,,,,,,,,0.00,0.00,0.00,0.00,0.00,0.00,0,0.00,0.00,0.00,,0
270727,,Lab Grown Pear 4.30 ,,2,0.28,,,,,,,,0.00,0.00,0.00,0.00,0.00,0.00,0,0.00,0.00,0.00,,0
270729,,Lab Grown Pear 4.30 ,,2,0.27,,,,,,,,0.00,0.00,0.00,0.00,0.00,0.00,0,0.00,0.00,0.00,,0
270730,,Lab Grown Pear 4.30 ,,6,0.94,,,,,,,,0.00,0.00,0.00,0.00,0.00,0.00,0,0.00,0.00,0.00,,0
270731,,Lab Grown Pear 4.30 ,,3,0.53,,,,,,,,0.00,0.00,0.00,0.00,0.00,0.00,0,0.00,0.00,0.00,,0
270732,,Lab Grown Pear 4.30 ,,3,0.56,,,,,,,,0.00,0.00,0.00,0.00,0.00,0.00,0,0.00,0.00,0.00,,0
2708,,Lab Grown Pear 4.40,,0,0.00,,,,,,,,0.00,0.00,0.00,0.00,0.00,0.00,0,0.00,0.00,0.00,,0
270829,,Lab Grown Pear 4.40 ,,2,0.29,,,,,,,,0.00,0.00,0.00,0.00,0.00,0.00,0,0.00,0.00,0.00,,0
270830,,Lab Grown Pear 4.40 ,,3,0.50,,,,,,,,0.00,0.00,0.00,0.00,0.00,0.00,0,0.00,0.00,0.00,,0
270831,,Lab Grown Pear 4.40 ,,3,0.50,,,,,,,,0.00,0.00,0.00,0.00,0.00,0.00,0,0.00,0.00,0.00,,0
270832,,Lab Grown Pear 4.40 ,,3,0.56,,,,,,,,0.00,0.00,0.00,0.00,0.00,0.00,0,0.00,0.00,0.00,,0
2709,,Lab Grown Pear 4.50,,0,0.00,,,,,,,,0.00,0.00,0.00,0.00,0.00,0.00,0,0.00,0.00,0.00,,0
270927,,Lab Grown Pear 4.50 ,,2,0.28,,,,,,,,0.00,0.00,0.00,0.00,0.00,0.00,0,0.00,0.00,0.00,,0
270929,,Lab Grown Pear 4.50 ,,3,0.44,,,,,,,,0.00,0.00,0.00,0.00,0.00,0.00,0,0.00,0.00,0.00,,0
270930,,Lab Grown Pear 4.50 ,,3,0.49,,,,,,,,0.00,0.00,0.00,0.00,0.00,0.00,0,0.00,0.00,0.00,,0
270931,,Lab Grown Pear 4.50 ,,7,1.26,,,,,,,,0.00,0.00,0.00,0.00,0.00,0.00,0,0.00,0.00,0.00,,0
270932,,Lab Grown Pear 4.50 ,,8,1.44,,,,,,,,0.00,0.00,0.00,0.00,0.00,0.00,0,0.00,0.00,0.00,,0
270933,,Lab Grown Pear 4.50 ,,1,0.18,,,,,,,,0.00,0.00,0.00,0.00,0.00,0.00,0,0.00,0.00,0.00,,0
2710,,Lab Grown Pear 4.60,,0,0.00,,,,,,,,0.00,0.00,0.00,0.00,0.00,0.00,0,0.00,0.00,0.00,,0
271027,,Lab Grown Pear 4.60 ,,2,0.28,,,,,,,,0.00,0.00,0.00,0.00,0.00,0.00,0,0.00,0.00,0.00,,0
271029,,Lab Grown Pear 4.60 ,,4,0.65,,,,,,,,0.00,0.00,0.00,0.00,0.00,0.00,0,0.00,0.00,0.00,,0
271030,,Lab Grown Pear 4.60 ,,6,0.97,,,,,,,,0.00,0.00,0.00,0.00,0.00,0.00,0,0.00,0.00,0.00,,0
271031,,Lab Grown Pear 4.60 ,,3,0.55,,,,,,,,0.00,0.00,0.00,0.00,0.00,0.00,0,0.00,0.00,0.00,,0
271032,,Lab Grown Pear 4.60 ,,3,0.58,,,,,,,,0.00,0.00,0.00,0.00,0.00,0.00,0,0.00,0.00,0.00,,0
271033,,Lab Grown Pear 4.60 ,,5,1.11,,,,,,,,0.00,0.00,0.00,0.00,0.00,0.00,0,0.00,0.00,0.00,,0
271035,,Lab Grown Pear 4.60 ,,1,0.23,,,,,,,,0.00,0.00,0.00,0.00,0.00,0.00,0,0.00,0.00,0.00,,0
2711,,Lab Grown Pear 4.70 ,,0,0.00,,,,,,,,0.00,0.00,0.00,0.00,0.00,0.00,0,0.00,0.00,0.00,,0
271128,,Lab Grown Pear 4.70 ,,2,0.30,,,,,,,,0.00,0.00,0.00,0.00,0.00,0.00,0,0.00,0.00,0.00,,0
271130,,Lab Grown Pear 4.70 ,,9,1.50,,,,,,,,0.00,0.00,0.00,0.00,0.00,0.00,0,0.00,0.00,0.00,,0
271131,,Lab Grown Pear 4.70 ,,6,1.12,,,,,,,,0.00,0.00,0.00,0.00,0.00,0.00,0,0.00,0.00,0.00,,0
271132,,Lab Grown Pear 4.70 ,,8,1.52,,,,,,,,0.00,0.00,0.00,0.00,0.00,0.00,0,0.00,0.00,0.00,,0
271133,,Lab Grown Pear 4.70 ,,3,0.59,,,,,,,,0.00,0.00,0.00,0.00,0.00,0.00,0,0.00,0.00,0.00,,0
271134,,Lab Grown Pear 4.70 ,,4,0.87,,,,,,,,0.00,0.00,0.00,0.00,0.00,0.00,0,0.00,0.00,0.00,,0
2712,,Lab Grown Pear 4.80,,0,0.00,,,,,,,,0.00,0.00,0.00,0.00,0.00,0.00,0,0.00,0.00,0.00,,0
271230,,Lab Grown Pear 4.80 ,,3,0.57,,,,,,,,0.00,0.00,0.00,0.00,0.00,0.00,0,0.00,0.00,0.00,,0
271231,,Lab Grown Pear 4.80 ,,2,0.36,,,,,,,,0.00,0.00,0.00,0.00,0.00,0.00,0,0.00,0.00,0.00,,0
271232,,Lab Grown Pear 4.80 ,,2,0.38,,,,,,,,0.00,0.00,0.00,0.00,0.00,0.00,0,0.00,0.00,0.00,,0
271233,,Lab Grown Pear 4.80 ,,6,1.30,,,,,,,,0.00,0.00,0.00,0.00,0.00,0.00,0,0.00,0.00,0.00,,0
271234,,Lab Grown Pear 4.80 ,,6,1.42,,,,,,,,0.00,0.00,0.00,0.00,0.00,0.00,0,0.00,0.00,0.00,,0
271236,,Lab Grown Pear 4.80 ,,1,0.26,,,,,,,,0.00,0.00,0.00,0.00,0.00,0.00,0,0.00,0.00,0.00,,0
271238,,Lab Grown Pear 4.80 ,,1,0.25,,,,,,,,0.00,0.00,0.00,0.00,0.00,0.00,0,0.00,0.00,0.00,,0
2713,,Lab Grown Pear 4.90,,0,0.00,,,,,,,,0.00,0.00,0.00,0.00,0.00,0.00,0,0.00,0.00,0.00,,0
271330,,Lab Grown Pear 4.90 ,,6,1.06,,,,,,,,0.00,0.00,0.00,0.00,0.00,0.00,0,0.00,0.00,0.00,,0
271331,,Lab Grown Pear 4.90 ,,5,0.95,,,,,,,,0.00,0.00,0.00,0.00,0.00,0.00,0,0.00,0.00,0.00,,0
271332,,Lab Grown Pear 4.90 ,,4,0.83,,,,,,,,0.00,0.00,0.00,0.00,0.00,0.00,0,0.00,0.00,0.00,,0
271333,,Lab Grown Pear 4.90 ,,3,0.70,,,,,,,,0.00,0.00,0.00,0.00,0.00,0.00,0,0.00,0.00,0.00,,0
271334,,Lab Grown Pear 4.90 ,,4,0.92,,,,,,,,0.00,0.00,0.00,0.00,0.00,0.00,0,0.00,0.00,0.00,,0
271336,,Lab Grown Pear 4.90 ,,4,1.00,,,,,,,,0.00,0.00,0.00,0.00,0.00,0.00,0,0.00,0.00,0.00,,0
271337,,Lab Grown Pear 4.90 ,,1,0.27,,,,,,,,0.00,0.00,0.00,0.00,0.00,0.00,0,0.00,0.00,0.00,,0
2714,,Lab Grown Pear 5.00,,0,0.00,,,,,,,,0.00,0.00,0.00,0.00,0.00,0.00,0,0.00,0.00,0.00,,0
271430,,Lab Grown Pear 5.00 ,,3,0.56,,,,,,,,0.00,0.00,0.00,0.00,0.00,0.00,0,0.00,0.00,0.00,,0
271431,,Lab Grown Pear 5.00 ,,3,0.55,,,,,,,,0.00,0.00,0.00,0.00,0.00,0.00,0,0.00,0.00,0.00,,0
271432,,Lab Grown Pear 5.00 ,,5,1.04,,,,,,,,0.00,0.00,0.00,0.00,0.00,0.00,0,0.00,0.00,0.00,,0
271433,,Lab Grown Pear 5.00 ,,1,0.22,,,,,,,,0.00,0.00,0.00,0.00,0.00,0.00,0,0.00,0.00,0.00,,0
271434,,Lab Grown Pear 5.00 ,,1,0.23,,,,,,,,0.00,0.00,0.00,0.00,0.00,0.00,0,0.00,0.00,0.00,,0
271435,,Lab Grown Pear 5.00 ,,3,0.75,,,,,,,,0.00,0.00,0.00,0.00,0.00,0.00,0,0.00,0.00,0.00,,0
271437,,Lab Grown Pear 5.00 ,,1,0.27,,,,,,,,0.00,0.00,0.00,0.00,0.00,0.00,0,0.00,0.00,0.00,,0
2715,,Lab Grown Pear 5.10,,0,0.00,,,,,,,,0.00,0.00,0.00,0.00,0.00,0.00,0,0.00,0.00,0.00,,0
271530,,Lab Grown Pear 5.10 ,,1,0.20,,,,,,,,0.00,0.00,0.00,0.00,0.00,0.00,0,0.00,0.00,0.00,,0
271531,,Lab Grown Pear 5.10 ,,2,0.39,,,,,,,,0.00,0.00,0.00,0.00,0.00,0.00,0,0.00,0.00,0.00,,0
271532,,Lab Grown Pear 5.10 ,,6,1.15,,,,,,,,0.00,0.00,0.00,0.00,0.00,0.00,0,0.00,0.00,0.00,,0
271534,,Lab Grown Pear 5.10 ,,3,0.74,,,,,,,,0.00,0.00,0.00,0.00,0.00,0.00,0,0.00,0.00,0.00,,0
271535,,Lab Grown Pear 5.10 ,,3,0.71,,,,,,,,0.00,0.00,0.00,0.00,0.00,0.00,0,0.00,0.00,0.00,,0
2716,,Lab Grown Pear 5.20,,0,0.00,,,,,,,,0.00,0.00,0.00,0.00,0.00,0.00,0,0.00,0.00,0.00,,0
271631,,Lab Grown Pear 5.20 ,,4,0.77,,,,,,,,0.00,0.00,0.00,0.00,0.00,0.00,0,0.00,0.00,0.00,,0
271632,,Lab Grown Pear 5.20 ,,1,0.20,,,,,,,,0.00,0.00,0.00,0.00,0.00,0.00,0,0.00,0.00,0.00,,0
271633,,Lab Grown Pear 5.20 ,,2,0.47,,,,,,,,0.00,0.00,0.00,0.00,0.00,0.00,0,0.00,0.00,0.00,,0
271635,,Lab Grown Pear 5.20 ,,1,0.21,,,,,,,,0.00,0.00,0.00,0.00,0.00,0.00,0,0.00,0.00,0.00,,0
2717,,Lab Grown Pear 5.30,,0,0.00,,,,,,,,0.00,0.00,0.00,0.00,0.00,0.00,0,0.00,0.00,0.00,,0
271730,,Lab Grown Pear 5.30 ,,1,0.20,,,,,,,,0.00,0.00,0.00,0.00,0.00,0.00,0,0.00,0.00,0.00,,0
271731,,Lab Grown Pear 5.30 ,,0,0.00,,,,,,,,0.00,0.00,0.00,0.00,0.00,0.00,0,0.00,0.00,0.00,,0
271732,,Lab Grown Pear 5.30 ,,0,0.00,,,,,,,,0.00,0.00,0.00,0.00,0.00,0.00,0,0.00,0.00,0.00,,0
271733,,Lab Grown Pear 5.30 ,,0,0.00,,,,,,,,0.00,0.00,0.00,0.00,0.00,0.00,0,0.00,0.00,0.00,,0
271734,,Lab Grown Pear 5.30 ,,0,0.00,,,,,,,,0.00,0.00,0.00,0.00,0.00,0.00,0,0.00,0.00,0.00,,0
271736,,Lab Grown Pear 5.30 ,,1,0.27,,,,,,,,0.00,0.00,0.00,0.00,0.00,0.00,0,0.00,0.00,0.00,,0
2718,,Lab Grown Pear 5.40 ,,1,0.31,,,,,,,,0.00,0.00,0.00,0.00,0.00,0.00,0,0.00,0.00,0.00,,0
271825,,Lab Grown Pear 5.40 ,,2,0.42,,,,,,,,0.00,0.00,0.00,0.00,0.00,0.00,0,0.00,0.00,0.00,,0
2719,,Lab Grown Pear 5.50 ,,5,1.62,,,,,,,,0.00,0.00,0.00,0.00,0.00,0.00,0,0.00,0.00,0.00,,0
2720,,Lab Grown Pear 5.60,,0,0.00,,,,,,,,0.00,0.00,0.00,0.00,0.00,0.00,0,0.00,0.00,0.00,,0
272034,,Lab Grown Pear 5.60 ,,3,0.82,,,,,,,,0.00,0.00,0.00,0.00,0.00,0.00,0,0.00,0.00,0.00,,0
272036,,Lab Grown Pear 5.60 ,,2,0.62,,,,,,,,0.00,0.00,0.00,0.00,0.00,0.00,0,0.00,0.00,0.00,,0
272038,,Lab Grown Pear 5.60 ,,4,1.27,,,,,,,,0.00,0.00,0.00,0.00,0.00,0.00,0,0.00,0.00,0.00,,0
272039,,Lab Grown Pear 5.60 ,,1,0.40,,,,,,,,0.00,0.00,0.00,0.00,0.00,0.00,0,0.00,0.00,0.00,,0
2721,,Lab Grown Pear 5.70,,2,0.62,,,,,,,,0.00,0.00,0.00,0.00,0.00,0.00,0,0.00,0.00,0.00,,0
2722,,Lab Grown Pear 5.80,,2,0.62,,,,,,,,0.00,0.00,0.00,0.00,0.00,0.00,0,0.00,0.00,0.00,,0
2723,,Lab Grown Pear 5.90,,5,1.77,,,,,,,,0.00,0.00,0.00,0.00,0.00,0.00,0,0.00,0.00,0.00,,0
2724,,Lab Grown Pear 6.00,,0,0.00,,,,,,,,0.00,0.00,0.00,0.00,0.00,0.00,0,0.00,0.00,0.00,,0
2725,,Lab Grown Pear 6.10,,0,0.00,,,,,,,,0.00,0.00,0.00,0.00,0.00,0.00,0,0.00,0.00,0.00,,0
2726,,Lab Grown Pear 6.20,,2,0.83,,,,,,,,0.00,0.00,0.00,0.00,0.00,0.00,0,0.00,0.00,0.00,,0
2727,,Lab Grown Pear 6.30,,4,1.70,,,,,,,,0.00,0.00,0.00,0.00,0.00,0.00,0,0.00,0.00,0.00,,0
2728,,Lab Grown Pear 6.40,,1,0.42,,,,,,,,0.00,0.00,0.00,0.00,0.00,0.00,0,0.00,0.00,0.00,,0
2729,,Lab Grown Pear 6.50,,1,0.44,,,,,,,,0.00,0.00,0.00,0.00,0.00,0.00,0,0.00,0.00,0.00,,0
2730,,Lab Grown Pear 6.60,,2,0.84,,,,,,,,0.00,0.00,0.00,0.00,0.00,0.00,0,0.00,0.00,0.00,,0
2731,,Lab Grown Pear 6.70,,2,1.05,,,,,,,,0.00,0.00,0.00,0.00,0.00,0.00,0,0.00,0.00,0.00,,0
2732,,Lab Grown Pear 6.80,,1,0.48,,,,,,,,0.00,0.00,0.00,0.00,0.00,0.00,0,0.00,0.00,0.00,,0
2733,,Lab Grown Pear 6.90,,1,0.51,,,,,,,,0.00,0.00,0.00,0.00,0.00,0.00,0,0.00,0.00,0.00,,0
2734,,Lab Grown Pear 7.00,,2,1.16,,,,,,,,0.00,0.00,0.00,0.00,0.00,0.00,0,0.00,0.00,0.00,,0
2735,,Lab Grown Pear 7.10,,2,1.05,,,,,,,,0.00,0.00,0.00,0.00,0.00,0.00,0,0.00,0.00,0.00,,0
2736,,Lab Grown Pear 7.20,,1,0.45,,,,,,,,0.00,0.00,0.00,0.00,0.00,0.00,0,0.00,0.00,0.00,,0
2737,,Lab Grown Pear 7.30,,0,0.00,,,,,,,,0.00,0.00,0.00,0.00,0.00,0.00,0,0.00,0.00,0.00,,0
2738,,Lab Grown Pear 7.40,,0,0.00,,,,,,,,0.00,0.00,0.00,0.00,0.00,0.00,0,0.00,0.00,0.00,,0
2739,,Lab Grown Pear 7.50,,1,0.58,,,,,,,,0.00,0.00,0.00,0.00,0.00,0.00,0,0.00,0.00,0.00,,0
2799,,,,0,0.00,,,,,,,,0.00,0.00,0.00,0.00,0.00,0.00,0,0.00,0.00,0.00,,0
2801,,Lab Grown Heart,,1,0.48,,,,,,,,0.00,0.00,0.00,0.00,0.00,0.00,0,0.00,0.00,0.00,,0
2811,,Lab Grown Triangle,,1,0.26,,,,,,,,0.00,0.00,0.00,0.00,0.00,0.00,0,0.00,0.00,0.00,,0
2901,,Lab Grown Light Colo,,29,18.98,,,,,,,,0.00,0.00,0.00,0.00,0.00,0.00,0,0.00,0.00,0.00,,0
2999,,,,0,0.00,,,,,,,,0.00,0.00,0.00,0.00,0.00,0.00,0,0.00,0.00,0.00,,0
7001,,EMERALD,12mm,1,5.05,F,VS1,515215600,,EX,EX,NONE,11.47,7.98,4.88,61.50,61.20,1.44,51500,-98.51,3875.12,767.35,Available,0
7002,,EMERALD,12mm,1,5.01,H,VS1,459105867,EX,EX,EX,NONE,12.10,7.84,4.84,66.00,61.50,0.00,35500,-98.50,2667.83,532.50,Lipa,0
7004,,SQUARE RADIANT,12mm,1,5.01,E,VS1,462155571,,EX,EX,NONE,9.30,9.30,5.85,71.50,62.90,0.00,56000,-98.50,4208.40,840.00,Available,0
7005,,PRINCESS,12mm,1,5.01,I,VS1,494184361,,EX,EX,NONE,9.13,9.11,6.62,72.00,72.70,0.00,27000,-95.76,5735.45,1144.80,Available,0
7006,,PRINCESS,12mm,1,5.00,H,VS2,496101800,,EX,VG,NONE,9.06,9.06,6.48,69.00,71.50,0.00,31500,-97.76,3528.00,705.60,Available,0
7007,,EMERALD,12mm,1,4.17,E,VVS2,472175250,,EX,EX,NONE,10.33,7.64,5.11,68.00,66.90,1.35,41000,-98.36,2803.91,672.40,Available,0
7008,,RADIANT,12mm,1,4.02,F,VVS2,470136722,,EX,EX,NONE,10.63,7.86,5.04,70.50,64.10,1.35,38000,-98.26,2658.02,661.20,Available,0
7010,,CUSHION,12mm,1,3.59,E,VVS2,470132764,,EX,EX,NONE,9.71,8.19,5.30,68.50,64.70,1.19,30500,-97.01,3273.90,911.95,Available,0
7011,,RADIANT,12mm,1,3.57,I,VS1,GIA 3375401210,EX,EX,EX,NONE,9.51,7.69,5.35,67.00,69.60,1.24,17000,-95.00,3034.50,850.00,Available,0
7012,,CUSHION,12mm,1,3.55,F,VS1,470132765,,VG,EX,NONE,8.87,8.35,5.23,62.50,62.60,1.06,25000,-97.95,1819.38,512.50,Available,0
7013,,RADIANT,12mm,1,3.55,E,VS1,472175252,,EX,EX,NONE,10.17,7.64,5.08,73.00,66.50,1.33,28000,-98.20,1789.20,504.00,Available,0
7015,,SQUARE EMERELD,12mm,1,3.52,E,VS1,464198804,EX,EX,EX,NONE,7.96,7.95,5.77,60.00,72.60,0.00,28000,-98.01,1961.34,557.20,Available,0
7016,,CUSHION,12mm,1,3.51,F,VVS2,470133875,,VG,EX,NONE,9.03,8.60,5.36,65.50,62.30,1.05,28000,-95.26,4658.47,1327.20,Available,0
7021,,PRINCESS,12mm,1,3.12,E,VVS2,470132767,,EX,VG,NONE,8.45,8.26,5.19,66.50,62.80,0.00,30500,-97.51,2369.48,759.45,Available,0
7023,,RADIANT,12mm,1,3.02,H,VS1,450049723,EX,EX,EX,NONE,9.43,7.24,4.99,68.50,68.90,1.30,20000,-98.31,1020.76,338.00,Available,0
7025,,RADIANT,12mm,1,3.01,H,VS1,GIA 6372401150,EX,EX,EX,NONE,9.35,7.16,4.97,68.00,69.50,1.31,20000,-98.31,1017.38,338.00,Available,0
7026,,PRINCESS,12mm,1,3.01,E,VVS2,470132766,,EX,VG,NONE,8.26,7.87,5.01,72.00,63.70,0.00,30500,-97.26,2515.46,835.70,Available,0
7036,,Oval ,12mm,1,2.09,G,SI 1,457075480,EX,EX,EX,NONE,10.20,7.22,4.54,58.50,62.90,0.00,11700,-97.55,599.10,286.65,Available,0
7039,,RADIANT,12mm,1,2.03,H,VVS2,375962361,,VG,VG,NONE,7.21,7.04,4.35,74.00,48.50,1.02,13500,-98.21,490.55,241.65,Available,0
7042,,PRINCESS,12mm,1,2.01,I,VVS2,380999565,,EX,VG,NONE,7.11,6.77,4.64,76.50,56.00,0.00,10700,-95.75,914.05,454.75,Available,0
7043,,EMERALD,12mm,1,2.01,F,SI2,IGI 459198551,EX,EX,EX,NONE,8.09,6.14,3.89,63.50,63.40,1.32,10000,-97.20,562.80,280.00,Available,0
7045,,CUSHION,12mm,1,2.01,F,SI2,IGI 459100531,EX,EX,VG,NONE,7.33,7.21,4.57,61.00,63.40,1.02,10000,-96.00,804.00,400.00,Available,0
7051,,ROUND,12mm,1,1.72,F,VVS2,488142417,EX,EX,EX,NONE,7.70,7.74,4.69,60.50,60.70,0.00,14800,-98.00,509.12,296.00,Available,0
7052,,CUSHION,12mm,1,1.70,J,VS1, 11944202,VG,VG,,NONE,6.94,6.75,4.67,62.00,69.20,1.03,6300,-94.00,642.60,378.00,Available,0
7053,,ROUND,12mm,1,1.63,E,SI1, 384933434,ID,EX,EX,NONE,7.50,7.53,4.64,59.50,61.70,0.00,9900,-97.97,327.58,200.97,Available,0
7055,,ROUND,12mm,1,1.61,G,VVS2, 11871102,EX,EX,EX,NONE,7.45,7.49,4.62,60.50,64.80,0.00,13000,-98.10,397.67,247.00,Available,0
7058,,ROUND,12mm,1,1.57,F,VVS2,  384965687,ID,EX,EX,NONE,7.54,7.57,4.56,54.50,60.40,0.00,14800,-98.05,453.10,288.60,Available,0
7066,,ROUND,12mm,1,1.35,E,VVS2, 384945333,EX,EX,EX,NONE,7.00,7.03,4.44,55.50,63.40,0.00,12100,-97.86,349.57,258.94,Available,0
7068,,ROUND,12mm,1,1.29,E,VS2, 384944020,EX,EX,EX,NONE,6.87,6.90,4.37,54.50,63.50,0.00,8400,-97.32,290.40,225.12,Available,0
7069,,ROUND,12mm,1,1.27,G,VVS2,457061737,EX,EX,EX,NONE,6.95,6.98,4.27,59.50,61.30,0.00,9700,-97.51,306.74,241.53,Available,0
7071,,ROUND,12mm,1,1.23,G,VVS1,407982306,ID,EX,EX,NONE,6.90,6.95,4.20,56.00,60.70,0.00,10500,-96.81,411.99,334.95,Available,0
7072,,ROUND,12mm,1,1.20,D,VS1,407931782,EX,EX,EX,NONE,6.76,6.78,4.21,57.00,62.20,0.00,11300,-97.85,291.54,242.95,Available,0
7074,,ROUND,12mm,1,1.17,E,VS2,  384964702,ID,EX,EX,NONE,6.80,6.81,4.13,56.50,60.70,0.00,8400,-97.40,255.53,218.40,Available,0
7075,,ROUND,12mm,1,1.17,H,VS2, 451095311,EX,EX,EX,NONE,6.81,6.83,4.05,61.50,59.40,0.00,6700,-97.04,232.03,198.32,Available,0
7076,,ROUND,12mm,1,1.15,E,VS1,384966447,EX,EX,EX,NONE,6.71,6.76,4.14,60.00,61.50,0.00,10300,-97.72,270.07,234.84,Available,0
7078,,ROUND,12mm,1,1.14,J,VS1,455026556,ID,EX,EX,NONE,6.74,6.75,4.06,59.00,60.20,0.00,4900,-95.88,230.14,201.88,Available,0
7079,,ROUND,12mm,1,1.13,E,VS2,  384933435,EX,EX,EX,NONE,6.69,6.73,4.06,60.00,60.40,0.00,8400,-97.40,246.79,218.40,Available,0
7080,,ROUND,12mm,1,1.12,E,VS2,  384965690,EX,EX,EX,NONE,6.54,6.59,4.15,57.00,63.20,0.00,8400,-97.40,244.61,218.40,Available,0
7081,,ROUND,12mm,1,1.12,E,VVS2, 384964697,ID,EX,EX,NONE,6.74,6.77,4.00,59.50,59.20,0.00,12100,-97.86,290.01,258.94,Available,0
7085,,HEART,12mm,1,1.09,E,VS1,462170688,,EX,VG,NONE,6.36,7.12,3.99,61.00,56.00,0.00,8000,-96.32,320.90,294.40,Available,0
7087,,ROUND,12mm,1,1.08,E,VVS2,384966446,EX,EX,EX,NONE,6.53,6.57,4.07,59.00,62.10,0.00,12100,-97.86,279.66,258.94,Available,0
7091,,ROUND,12mm,1,1.01,D,VS2,407931784,VG,EX,VG,NONE,6.40,6.44,3.92,64.00,61.10,0.00,9100,-97.42,237.13,234.78,Available,0
7099,,ROUND,12mm,1,0.70,E,SI1,12650602,VG,GD,VG,NONE,5.67,5.74,3.50,57.50,61.30,0.00,3500,-94.50,134.75,192.50,Available,0
7100,,ROUND,12mm,1,0.67,E,VS2,12650603,VG,GD,G,NONE,5.62,5.64,3.43,57.00,60.00,0.00,3300,-94.10,130.45,194.70,Available,0
7101,,ROUND,12mm,1,0.63,E,VS1,12650601,VG,GD,G,NONE,5.63,5.67,3.31,64.50,58.50,0.00,3500,-94.10,130.10,206.50,Available,0
7103,,ROUND,12mm,1,1.00,Fancy Intense Pink,VS2,576353396,VG,VG,EX,SLIGHT,6.29,6.30,3.97,58.00,63.10,0.00,1500,0.00,1500.00,1500.00,Available,0
7104,,ROUND,12mm,1,1.00,Fancy Vivid Pink,SI2,576353397,VG,EX,VG,STRONG,6.36,6.43,3.86,60.50,60.30,0.00,1000,0.00,1000.00,1000.00,Available,0
7105,,ROUND,12mm,1,1.00,Fancy Vivid Yellow,I1,576353398,VG,G,VG,NONE,6.36,6.42,3.94,58.50,61.70,0.00,1000,0.00,1000.00,1000.00,Available,0
7107,,EMERALD,12mm,1,5.02,E,VS1,546216829,,EX,VG,NONE,11.16,7.79,5.23,66.50,67.10,1.43,56000,-98.76,3485.89,694.40,Available,0
7109,,ROUND,12mm,1,1.10,H,VS2,582350829,ID,EX,EX,NONE,6.62,6.64,4.11,57.00,61.90,0.00,6700,-97.04,218.15,198.32,Available,0
7110,,ROUND,12mm,1,1.34,E,VS1,582350830,ID,EX,EX,NONE,7.13,7.16,4.31,56.00,60.40,0.00,10300,-97.77,307.78,229.69,Available,0
7112,,ROUND,12mm,1,1.55,F,VS2,582350832,ID,EX,EX,NONE,7.39,7.41,4.58,59.00,61.90,0.00,11800,-97.98,369.46,238.36,Available,0
7113,,ROUND,12mm,1,2.00,G,VS1,582350833,EX,EX,EX,NONE,7.98,8.00,5.01,58.00,62.70,0.00,17000,-98.51,506.60,253.30,Available,0
7114,,ROUND,12mm,1,1.78,G,VS2,582350834,ID,EX,EX,NONE,7.70,7.74,4.79,59.00,62.10,0.00,10600,-97.96,384.91,216.24,Available,0
7116,,ROUND,12mm,1,1.10,E,VVS2,582350836,ID,EX,EX,NONE,6.67,6.68,4.07,58.00,61.00,0.00,12100,-97.86,284.83,258.94,Available,0
7117,,ROUND,12mm,1,1.10,E,VS2,582350837,ID,EX,EX,NONE,6.56,6.60,4.11,57.00,62.40,0.00,8400,-97.40,240.24,218.40,Available,0
7118,,ROUND,12mm,1,1.72,F,VS1,582350838,ID,EX,EX,NONE,7.63,7.66,4.76,57.00,62.30,0.00,13200,-98.20,408.67,237.60,Available,0
7999,,,,0,0.00,,,,,,,,0.00,0.00,0.00,0.00,0.00,0.00,0,0.00,0.00,0.00,,0
8001,,Lab Grown ROUND,,1,3.54,,,,,,,,0.00,0.00,0.00,0.00,0.00,0.00,0,0.00,0.00,0.00,,0
8002,,Lab Grown PRINCESS,,4,22.32,,,,,,,,0.00,0.00,0.00,0.00,0.00,0.00,0,0.00,0.00,0.00,,0
8003,,Lab Grown RADIANT,,1,2.02,,,,,,,,0.00,0.00,0.00,0.00,0.00,0.00,0,0.00,0.00,0.00,,0
8004,,Lab Grown ROUND,,15,16.73,,,,,,,,0.00,0.00,0.00,0.00,0.00,0.00,0,0.00,0.00,0.00,,0
8005,,Lab Grown ROUND,,5,7.68,,,,,,,,0.00,0.00,0.00,0.00,0.00,0.00,0,0.00,0.00,0.00,,0
8006,,Lab Grown ROUND,,2,3.10,,,,,,,,0.00,0.00,0.00,0.00,0.00,0.00,0,0.00,0.00,0.00,,0
8007,,Lab Grown ROUND,,7,8.14,,,,,,,,0.00,0.00,0.00,0.00,0.00,0.00,0,0.00,0.00,0.00,,0
8008,,Lab Grown ROUND,,18,16.47,,,,,,,,0.00,0.00,0.00,0.00,0.00,0.00,0,0.00,0.00,0.00,,0
8009,,Lab Grown ROUND,,7,5.86,,,,,,,,0.00,0.00,0.00,0.00,0.00,0.00,0,0.00,0.00,0.00,,0
801,,,,0,0.00,,,,,,,,0.00,0.00,0.00,0.00,0.00,0.00,0,0.00,0.00,0.00,,0
8010,,Lab Grown ROUND 5.5 ,,19,13.09,,,,,,,,0.00,0.00,0.00,0.00,0.00,0.00,0,0.00,0.00,0.00,,0
8011,,Lab Grown ROUND 5.6 ,,29,20.67,,,,,,,,0.00,0.00,0.00,0.00,0.00,0.00,0,0.00,0.00,0.00,,0
8012,,Lab Grown ROUND 5.7 ,,24,17.73,,,,,,,,0.00,0.00,0.00,0.00,0.00,0.00,0,0.00,0.00,0.00,,0
8013,,Lab Grown ROUND 5.8 ,,4,3.03,,,,,,,,0.00,0.00,0.00,0.00,0.00,0.00,0,0.00,0.00,0.00,,0
8014,,Lab Grown ROUND 5.9 ,,4,3.17,,,,,,,,0.00,0.00,0.00,0.00,0.00,0.00,0,0.00,0.00,0.00,,0
8015,,Lab Grown ROUND,,80,42.20,,,,,,,,0.00,0.00,0.00,0.00,0.00,0.00,0,0.00,0.00,0.00,,0
8016,,Lab Grown PRINCESS,,1,1.01,,,,,,,,0.00,0.00,0.00,0.00,0.00,0.00,0,0.00,0.00,0.00,,0
8017,,,,0,0.00,,,,,,,,0.00,0.00,0.00,0.00,0.00,0.00,0,0.00,0.00,0.00,,0
8018,,Lab Grown ROUND,,2,1.06,,,,,,,,0.00,0.00,0.00,0.00,0.00,0.00,0,0.00,0.00,0.00,,0
8019,,Lab Grown ROUND,,1,1.12,,,,,,,,0.00,0.00,0.00,0.00,0.00,0.00,0,0.00,0.00,0.00,,0
802,,SI MIX,,0,0.00,,,,,,,,0.00,0.00,0.00,0.00,0.00,0.00,0,0.00,0.00,0.00,,0
803,,Lab Grown Round 125 ,,0,0.00,,,,,,,,0.00,0.00,0.00,0.00,0.00,0.00,0,0.00,0.00,0.00,,0
804,,Lab Grown Round 130 ,,0,0.00,,,,,,,,0.00,0.00,0.00,0.00,0.00,0.00,0,0.00,0.00,0.00,,0
805,,Lab Grown Round 135 ,,0,0.00,,,,,,,,0.00,0.00,0.00,0.00,0.00,0.00,0,0.00,0.00,0.00,,0
806,,Lab Grown Round 145 ,,0,0.00,,,,,,,,0.00,0.00,0.00,0.00,0.00,0.00,0,0.00,0.00,0.00,,0
807,,Lab Grown Round 150 ,,0,0.00,,,,,,,,0.00,0.00,0.00,0.00,0.00,0.00,0,0.00,0.00,0.00,,0
808,,Lab Grown Round 155 ,,0,0.00,,,,,,,,0.00,0.00,0.00,0.00,0.00,0.00,0,0.00,0.00,0.00,,0
809,,Lab Grown Round 160 ,,0,0.00,,,,,,,,0.00,0.00,0.00,0.00,0.00,0.00,0,0.00,0.00,0.00,,0
8099,,,,0,0.00,,,,,,,,0.00,0.00,0.00,0.00,0.00,0.00,0,0.00,0.00,0.00,,0
810,,Lab Grown Round 170 ,,0,0.00,,,,,,,,0.00,0.00,0.00,0.00,0.00,0.00,0,0.00,0.00,0.00,,0
8103,,Lab Grown Fancy Yell,,2,1.06,,,,,,,,0.00,0.00,0.00,0.00,0.00,0.00,0,0.00,0.00,0.00,,0
8104,,Lab Grown Fancy Yell,,10,4.74,,,,,,,,0.00,0.00,0.00,0.00,0.00,0.00,0,0.00,0.00,0.00,,0
8105,,Lab Grown Fancy Yell,,0,54.52,,,,,,,,0.00,0.00,0.00,0.00,0.00,0.00,0,0.00,0.00,0.00,,0
8106,,Lab Grown Fancy Yell,,0,138.40,,,,,,,,0.00,0.00,0.00,0.00,0.00,0.00,0,0.00,0.00,0.00,,0
8107,,Lab Grown Fancy Yell,,0,14.95,,,,,,,,0.00,0.00,0.00,0.00,0.00,0.00,0,0.00,0.00,0.00,,0
811,,Lab Grown Round 180 ,,0,0.00,,,,,,,,0.00,0.00,0.00,0.00,0.00,0.00,0,0.00,0.00,0.00,,0
812,,Lab Grown Round 190 ,,2,0.06,,,,,,,,0.00,0.00,0.00,0.00,0.00,0.00,0,0.00,0.00,0.00,,0
813,,Lab Grown Round 200 ,,9,0.32,,,,,,,,0.00,0.00,0.00,0.00,0.00,0.00,0,0.00,0.00,0.00,,0
814,,Lab Grown Round 210 ,,5,0.20,,,,,,,,0.00,0.00,0.00,0.00,0.00,0.00,0,0.00,0.00,0.00,,0
815,,Lab Grown Round 220 ,,0,0.00,,,,,,,,0.00,0.00,0.00,0.00,0.00,0.00,0,0.00,0.00,0.00,,0
816,,Lab Grown Round 230 ,,0,0.00,,,,,,,,0.00,0.00,0.00,0.00,0.00,0.00,0,0.00,0.00,0.00,,0
817,,Lab Grown Round 240 ,,4,0.24,,,,,,,,0.00,0.00,0.00,0.00,0.00,0.00,0,0.00,0.00,0.00,,0
818,,Lab Grown Round 250 ,,0,0.00,,,,,,,,0.00,0.00,0.00,0.00,0.00,0.00,0,0.00,0.00,0.00,,0
819,,Lab Grown Round 260 ,,0,0.00,,,,,,,,0.00,0.00,0.00,0.00,0.00,0.00,0,0.00,0.00,0.00,,0
820,,Lab Grown Round 270 ,,0,0.00,,,,,,,,0.00,0.00,0.00,0.00,0.00,0.00,0,0.00,0.00,0.00,,0
8201,,Lab Grown Golden Mee,,0,20.10,,,,,,,,0.00,0.00,0.00,0.00,0.00,0.00,0,0.00,0.00,0.00,,0
8202,,Lab Grown Golden Mee,,0,86.90,,,,,,,,0.00,0.00,0.00,0.00,0.00,0.00,0,0.00,0.00,0.00,,0
8203,,Lab Grown Golden MQ,,6,0.47,,,,,,,,0.00,0.00,0.00,0.00,0.00,0.00,0,0.00,0.00,0.00,,0
8204,,Lab Grown Golden Ova,,0,25.66,,,,,,,,0.00,0.00,0.00,0.00,0.00,0.00,0,0.00,0.00,0.00,,0
8205,,Lab Grown Golden Hea,,0,8.90,,,,,,,,0.00,0.00,0.00,0.00,0.00,0.00,0,0.00,0.00,0.00,,0
8206,,Lab Grown Golden Pea,,0,31.86,,,,,,,,0.00,0.00,0.00,0.00,0.00,0.00,0,0.00,0.00,0.00,,0
8207,,Lab Grown Golden Cus,,0,28.40,,,,,,,,0.00,0.00,0.00,0.00,0.00,0.00,0,0.00,0.00,0.00,,0
821,,Lab Grown Round 280 ,,0,0.00,,,,,,,,0.00,0.00,0.00,0.00,0.00,0.00,0,0.00,0.00,0.00,,0
822,,Lab Grown Round 290 ,,0,0.00,,,,,,,,0.00,0.00,0.00,0.00,0.00,0.00,0,0.00,0.00,0.00,,0
823,,Lab Grown Round 300 ,,10,1.08,,,,,,,,0.00,0.00,0.00,0.00,0.00,0.00,0,0.00,0.00,0.00,,0
824,,Lab Grown Round 310 ,,0,0.00,,,,,,,,0.00,0.00,0.00,0.00,0.00,0.00,0,0.00,0.00,0.00,,0
825,,Lab Grown Round 320 ,,0,0.00,,,,,,,,0.00,0.00,0.00,0.00,0.00,0.00,0,0.00,0.00,0.00,,0
826,,Lab Grown Round 330 ,,3,0.42,,,,,,,,0.00,0.00,0.00,0.00,0.00,0.00,0,0.00,0.00,0.00,,0
827,,Lab Grown Round 335 ,,0,0.00,,,,,,,,0.00,0.00,0.00,0.00,0.00,0.00,0,0.00,0.00,0.00,,0
828,,Lab Grown Round 340 ,,7,1.14,,,,,,,,0.00,0.00,0.00,0.00,0.00,0.00,0,0.00,0.00,0.00,,0
829,,Lab Grown Round 350 ,,1,0.17,,,,,,,,0.00,0.00,0.00,0.00,0.00,0.00,0,0.00,0.00,0.00,,0
830,,Lab Grown Round 360 ,,0,0.00,,,,,,,,0.00,0.00,0.00,0.00,0.00,0.00,0,0.00,0.00,0.00,,0
8301,,Lab Grown Ocean Blue,,2,2.41,,,,,,,,0.00,0.00,0.00,0.00,0.00,0.00,0,0.00,0.00,0.00,,0
8302,,Lab Grown Blue,,0,95.57,,,,,,,,0.00,0.00,0.00,0.00,0.00,0.00,0,0.00,0.00,0.00,,0
831,,Lab Grown Round 370 ,,26,5.50,,,,,,,,0.00,0.00,0.00,0.00,0.00,0.00,0,0.00,0.00,0.00,,0
832,,Lab Grown Round 380 ,,6,1.26,,,,,,,,0.00,0.00,0.00,0.00,0.00,0.00,0,0.00,0.00,0.00,,0
833,,Lab Grown Round 390 ,,0,0.00,,,,,,,,0.00,0.00,0.00,0.00,0.00,0.00,0,0.00,0.00,0.00,,0
834,,Lab Grown Round 400 ,,4,1.01,,,,,,,,0.00,0.00,0.00,0.00,0.00,0.00,0,0.00,0.00,0.00,,0
835,,Lab Grown Round 410 ,,5,1.38,,,,,,,,0.00,0.00,0.00,0.00,0.00,0.00,0,0.00,0.00,0.00,,0
836,,Lab Grown Round 420 ,,0,0.00,,,,,,,,0.00,0.00,0.00,0.00,0.00,0.00,0,0.00,0.00,0.00,,0
837,,Lab Grown Round 430 ,,0,0.00,,,,,,,,0.00,0.00,0.00,0.00,0.00,0.00,0,0.00,0.00,0.00,,0
838,,Lab Grown Round 440 ,,0,0.00,,,,,,,,0.00,0.00,0.00,0.00,0.00,0.00,0,0.00,0.00,0.00,,0
839,,Lab Grown Round 450 ,,0,0.00,,,,,,,,0.00,0.00,0.00,0.00,0.00,0.00,0,0.00,0.00,0.00,,0
840,,Lab Grown ROUND 4.6 ,,0,0.00,,,,,,,,0.00,0.00,0.00,0.00,0.00,0.00,0,0.00,0.00,0.00,,0
8401,,Lab Grown PINK MIX,,10,5.93,,,,,,,,0.00,0.00,0.00,0.00,0.00,0.00,0,0.00,0.00,0.00,,0
8402,,Lab Grown PINK,,1,0.91,,,,,,,,0.00,0.00,0.00,0.00,0.00,0.00,0,0.00,0.00,0.00,,0
8403,,Lab Grown PINK,,1,0.92,,,,,,,,0.00,0.00,0.00,0.00,0.00,0.00,0,0.00,0.00,0.00,,0
841,,Lab Grown ROUND 4.7 ,,1,0.41,,,,,,,,0.00,0.00,0.00,0.00,0.00,0.00,0,0.00,0.00,0.00,,0
842,,Lab Grown ROUND 4.8 ,,0,0.00,,,,,,,,0.00,0.00,0.00,0.00,0.00,0.00,0,0.00,0.00,0.00,,0
843,,Lab Grown ROUND 4.9 ,,0,0.00,,,,,,,,0.00,0.00,0.00,0.00,0.00,0.00,0,0.00,0.00,0.00,,0
844,,Lab Grown ROUND 5.0 ,,11,5.59,,,,,,,,0.00,0.00,0.00,0.00,0.00,0.00,0,0.00,0.00,0.00,,0
845,,Lab Grown ROUND 5.1 ,,0,0.00,,,,,,,,0.00,0.00,0.00,0.00,0.00,0.00,0,0.00,0.00,0.00,,0
846,,Lab Grown ROUND 5.2 ,,0,0.00,,,,,,,,0.00,0.00,0.00,0.00,0.00,0.00,0,0.00,0.00,0.00,,0
847,,Lab Grown ROUND 5.3 ,,0,0.00,,,,,,,,0.00,0.00,0.00,0.00,0.00,0.00,0,0.00,0.00,0.00,,0
848,,Lab Grown ROUND 5.4 ,,0,0.00,,,,,,,,0.00,0.00,0.00,0.00,0.00,0.00,0,0.00,0.00,0.00,,0
849,,Lab Grown ROUND 5.5 ,,0,0.00,,,,,,,,0.00,0.00,0.00,0.00,0.00,0.00,0,0.00,0.00,0.00,,0
850,,Lab Grown ROUND 5.6 ,,0,0.00,,,,,,,,0.00,0.00,0.00,0.00,0.00,0.00,0,0.00,0.00,0.00,,0
851,,Lab Grown ROUND 5.7 ,,0,0.00,,,,,,,,0.00,0.00,0.00,0.00,0.00,0.00,0,0.00,0.00,0.00,,0
852,,Lab Grown ROUND 5.8 ,,0,0.00,,,,,,,,0.00,0.00,0.00,0.00,0.00,0.00,0,0.00,0.00,0.00,,0
853,,Lab Grown ROUND 5.9 ,,0,0.00,,,,,,,,0.00,0.00,0.00,0.00,0.00,0.00,0,0.00,0.00,0.00,,0
854,,,,0,0.00,,,,,,,,0.00,0.00,0.00,0.00,0.00,0.00,0,0.00,0.00,0.00,,0
893,,Lab Grown Round - 80,,0,0.00,,,,,,,,0.00,0.00,0.00,0.00,0.00,0.00,0,0.00,0.00,0.00,,0
894,,Lab Grown Round 80 M,,0,0.43,,,,,,,,0.00,0.00,0.00,0.00,0.00,0.00,0,0.00,0.00,0.00,,0
895,,Lab Grown Round 90 M,,0,1.44,,,,,,,,0.00,0.00,0.00,0.00,0.00,0.00,0,0.00,0.00,0.00,,0
896,,Lab Grown Round 100 ,,0,8.86,,,,,,,,0.00,0.00,0.00,0.00,0.00,0.00,0,0.00,0.00,0.00,,0
897,,Lab Grown Round 110 ,,0,4.05,,,,,,,,0.00,0.00,0.00,0.00,0.00,0.00,0,0.00,0.00,0.00,,0
898,,Lab Grown Round 115 ,,0,4.22,,,,,,,,0.00,0.00,0.00,0.00,0.00,0.00,0,0.00,0.00,0.00,,0
899,,Lab Grown Round 120 ,,0,6.72,,,,,,,,0.00,0.00,0.00,0.00,0.00,0.00,0,0.00,0.00,0.00,,0
993,,Lab Grown Round - 80,,0,0.22,,,,,,,,0.00,0.00,0.00,0.00,0.00,0.00,0,0.00,0.00,0.00,,0
994,,Lab Grown Round 80 M,,0,0.62,,,,,,,,0.00,0.00,0.00,0.00,0.00,0.00,0,0.00,0.00,0.00,,0
995,,Lab Grown Round 90 M,,0,1.18,,,,,,,,0.00,0.00,0.00,0.00,0.00,0.00,0,0.00,0.00,0.00,,0
996,,Lab Grown Round 100 ,,0,2.88,,,,,,,,0.00,0.00,0.00,0.00,0.00,0.00,0,0.00,0.00,0.00,,0
997,,Lab Grown Round 110 ,,0,11.47,,,,,,,,0.00,0.00,0.00,0.00,0.00,0.00,0,0.00,0.00,0.00,,0
998,,Lab Grown Round 115 ,,0,10.40,,,,,,,,0.00,0.00,0.00,0.00,0.00,0.00,0,0.00,0.00,0.00,,0
999,,Lab Grown Round 120 ,,0,9.90,,,,,,,,0.00,0.00,0.00,0.00,0.00,0.00,0,0.00,0.00,0.00,,0
